id,age,height,weight,club_number,national_number,crossing,finishing,heading_accuracy,short_passing,volleys,dribbling,curve,fk_accuracy,long_passing,ball_control,acceleration,sprint_speed,agility,reactions,balance,shot_power,jumping,stamina,strength,long_shots,aggression,interceptions,positioning,vision,penalties,composure,marking,standing_tackle,sliding_tackle,gk_diving,gk_handling,gk_kicking,gk_positioning,gk_reflexes
njp4VXhW,32,185,81,9,9,71,95,90,85,89,85,79,85,70,88,77,79,77,93,82,90,85,76,86,87,81,49,95,81,90,88,35,42,19,15,6,12,8,10
PwrC9Vjm,36,187,83,7,7,87,95,90,80,86,88,81,84,77,88,85,88,86,94,74,94,95,77,77,93,63,29,95,76,88,95,24,32,24,7,11,15,14,11
F5MSKfZR,22,182,73,7,10,78,93,72,85,83,93,80,69,71,91,97,97,92,93,83,86,78,88,77,82,62,38,92,82,79,88,26,34,32,13,5,7,11,6
j29kjcUa,27,188,89,10,9,80,94,86,85,88,83,83,65,86,85,65,74,71,92,70,91,79,83,85,86,80,44,94,87,91,91,50,36,38,8,10,11,14,11
O769tLXh,33,185,81,9,19,75,90,89,86,86,87,81,73,73,90,77,75,79,91,72,85,79,78,82,79,63,39,90,87,84,90,43,24,18,13,11,5,5,7
D1CbYnrx,28,191,94,9,9,73,92,89,77,78,83,78,66,70,77,81,87,60,91,52,89,76,71,95,74,71,27,89,75,88,86,30,41,30,8,15,14,7,10
DuENcahR,34,182,83,9,NA,80,93,84,83,90,83,86,82,77,86,76,69,75,92,78,89,69,78,85,88,87,41,91,84,83,87,42,45,38,27,25,31,33,37
n2Rm6mk5,20,194,94,9,23,47,94,69,77,88,78,77,62,51,85,82,94,75,88,72,94,74,82,93,87,85,43,89,71,76,84,44,43,30,7,14,13,11,7
Xqx5bypE,31,185,85,17,17,55,91,81,80,85,80,70,51,53,83,84,87,75,90,85,86,82,78,76,80,77,40,91,71,88,79,34,33,32,6,8,15,12,6
l8ONq0cA,33,173,70,19,9,70,93,78,80,85,86,83,73,64,88,75,68,82,89,90,90,78,62,74,83,65,24,91,80,75,91,30,29,24,13,15,6,11,14
midiiKJo,29,180,77,7,9,77,89,82,81,81,86,75,62,75,85,80,78,77,89,70,83,76,79,75,83,61,42,87,78,85,78,44,41,41,15,12,7,12,10
gSuCtPqP,34,179,74,9,NA,69,90,79,74,84,78,68,60,60,82,85,85,76,91,76,87,80,76,66,67,87,49,92,76,85,88,45,52,54,15,14,7,15,11
K8F5H0Td,29,181,76,9,NA,73,78,78,84,83,89,81,65,76,90,77,77,85,86,86,79,81,87,74,76,75,58,82,83,72,88,55,64,42,8,11,9,6,10
4snrnNCo,34,185,77,21,NA,68,89,88,75,86,74,76,74,52,81,64,68,68,90,57,87,88,81,77,77,81,54,93,75,85,85,45,48,39,12,5,13,13,10
VsMbB20z,27,176,78,9,10,84,83,65,81,74,86,85,83,76,85,81,83,80,83,81,87,69,79,83,83,72,28,85,85,76,80,23,31,20,8,14,6,12,10
S0qUMJ71,32,187,80,14,NA,76,89,73,77,83,79,81,76,64,81,87,91,77,86,67,82,75,79,74,78,43,48,90,77,83,87,20,29,36,6,9,15,9,9
qW6AbC6o,23,174,72,10,22,56,85,87,78,88,83,78,43,73,85,86,83,86,89,89,80,88,80,84,74,86,45,86,81,74,83,55,31,44,11,8,8,8,13
vXoVZg3m,30,170,68,10,NA,74,88,74,82,84,87,82,76,66,87,83,81,91,86,91,84,78,75,69,74,62,44,90,80,85,85,34,33,26,6,13,9,7,7
Tx6dkVoZ,33,176,67,10,NA,80,89,77,80,83,87,79,83,73,86,78,86,90,84,72,79,66,69,60,81,63,39,84,81,82,85,39,21,18,12,16,9,12,13
kFVC2jgs,34,169,61,14,14,73,84,40,84,70,88,82,82,72,88,90,80,93,80,92,80,58,66,37,81,59,36,82,84,79,81,23,40,40,7,10,8,10,4
9y9P2gR5,39,195,95,11,7,72,86,83,80,88,78,80,75,73,86,64,66,71,83,53,88,79,52,87,88,84,20,89,84,83,90,28,37,24,13,15,10,9,12
ElpnMYFu,25,183,80,10,19,83,81,72,81,85,87,83,82,64,84,91,89,84,79,79,87,64,68,70,78,63,34,84,82,71,80,36,32,35,8,12,9,9,14
jvbaq3rD,25,185,84,33,9,60,87,86,79,84,84,76,33,63,85,77,71,77,86,75,83,88,79,76,78,75,59,87,74,90,84,36,40,21,14,13,7,11,8
GeWUaX0t,25,180,76,11,9,69,81,76,79,84,82,70,58,55,84,93,89,82,87,76,85,75,83,65,77,63,37,88,68,78,79,39,20,19,9,9,8,15,9
Xrdp5hj9,28,179,85,31,NA,78,86,76,81,85,80,79,80,74,80,76,70,75,85,83,87,77,90,87,84,80,45,86,82,72,86,22,50,33,8,7,9,7,12
O7lohWj7,28,190,84,9,7,72,84,86,78,80,83,78,44,60,83,79,85,72,80,63,80,84,77,80,72,69,24,87,77,75,79,37,14,20,4,5,4,4,5
g7WguEu2,28,181,75,9,NA,47,87,85,76,85,76,76,52,54,80,70,68,68,84,75,85,91,67,73,71,58,22,91,72,82,83,45,24,20,13,9,5,7,9
RZstSjJR,30,188,81,9,9,73,84,85,81,82,84,75,51,75,82,63,80,75,82,65,84,74,82,84,74,81,53,84,78,92,81,45,38,30,7,11,13,14,10
CyQbNWB7,35,193,80,9,NA,63,85,83,77,77,78,65,54,78,86,64,67,62,80,55,86,64,74,86,78,58,50,90,74,67,86,54,28,16,9,11,13,15,15
oOOuA0wq,32,177,75,77,NA,77,80,68,83,79,84,81,66,71,83,86,85,84,82,83,84,66,88,69,77,69,60,84,84,72,82,51,53,55,5,11,14,5,7
mry6CvdL,24,175,73,9,NA,66,84,77,77,77,86,76,54,66,86,87,82,91,86,87,82,79,79,69,76,73,32,87,77,75,79,45,30,28,13,8,6,6,15
gqFusXXk,30,189,88,91,NA,44,88,83,74,79,79,55,62,47,82,78,81,67,82,58,86,80,75,93,64,72,20,86,66,70,82,44,24,22,9,9,8,6,8
knFYAHxY,30,177,73,27,NA,76,87,69,81,85,87,79,78,63,86,76,67,84,84,86,84,72,76,68,85,73,21,86,74,91,83,35,20,26,8,14,14,7,15
YonU3a0b,28,197,84,9,19,42,87,92,76,83,65,40,37,43,79,59,66,62,85,44,86,79,83,89,74,85,34,88,67,71,83,44,67,30,11,9,14,16,12
yFPmOxRT,24,181,71,7,NA,73,80,83,79,75,86,74,65,61,83,85,81,79,82,73,83,86,83,77,70,84,46,83,74,77,81,45,58,48,12,7,8,11,13
UMgCzeG5,21,192,77,19,11,61,83,77,79,83,79,70,57,47,82,82,85,79,81,66,84,71,70,75,77,52,29,86,76,75,77,25,21,18,7,6,9,7,11
HH2HEzJm,24,188,78,15,NA,48,89,84,69,76,84,63,47,58,79,74,81,68,80,47,83,83,76,76,75,76,31,82,52,67,74,27,31,27,13,9,14,9,13
R8gvZ0sp,24,178,73,20,21,71,84,77,75,78,85,77,58,71,85,88,81,87,84,86,84,76,81,71,75,85,56,85,75,63,83,54,57,45,7,12,15,9,11
qmBF3idk,30,179,79,9,NA,71,84,69,80,78,88,79,78,55,83,87,90,85,84,88,81,60,73,72,84,50,16,83,78,89,82,26,24,22,8,10,10,14,6
odLZueqL,28,180,66,11,NA,76,78,47,76,67,91,64,51,65,86,88,90,87,76,79,82,58,75,77,72,72,32,76,76,72,80,30,34,32,15,10,15,11,10
n23r9x2y,30,175,73,9,NA,68,83,75,79,79,83,74,74,70,82,77,73,81,82,82,87,76,66,75,78,73,42,82,75,79,80,39,45,32,11,6,9,5,6
QuEyZumY,27,181,84,9,NA,42,88,84,71,82,78,64,56,48,77,74,78,75,81,77,81,83,78,85,67,83,31,86,61,77,81,44,23,32,13,7,12,14,7
wRbVhRoq,27,186,78,9,NA,63,85,79,70,78,77,76,84,62,81,60,68,66,76,63,86,65,63,78,82,67,36,84,64,79,78,35,34,32,9,16,16,15,6
y7fynz9N,29,188,83,9,7,56,85,83,73,82,75,59,67,47,74,74,82,60,84,47,85,85,52,82,82,65,32,83,58,77,79,26,27,24,8,11,20,19,20
ZgPBANcL,24,187,71,9,18,65,82,89,72,73,76,64,54,47,80,76,89,72,81,65,79,91,80,83,65,78,35,84,64,77,76,38,31,23,12,12,8,7,11
6OlK0lup,33,180,70,11,NA,77,84,64,77,84,87,82,68,68,84,87,86,80,80,83,82,63,78,67,78,58,58,84,76,76,84,44,54,45,14,13,13,16,8
RROFm7He,27,186,80,9,NA,76,77,73,74,74,81,76,53,66,76,93,94,78,82,62,85,88,83,82,77,75,21,85,73,64,81,42,34,29,14,15,14,10,13
g6xz21cY,33,186,89,9,NA,68,86,77,75,83,79,74,69,63,81,57,59,64,80,67,85,72,56,86,80,50,18,86,75,70,84,32,22,18,5,12,7,5,10
qMGxSBvM,33,180,76,10,NA,79,80,63,83,80,82,82,69,80,84,65,64,73,84,77,81,65,59,73,79,58,34,85,85,91,87,43,36,29,12,7,5,13,9
iKybF632,32,192,83,9,7,77,80,79,81,79,77,79,72,74,82,78,80,70,78,80,84,78,77,87,82,77,38,79,81,79,79,40,42,39,14,15,10,10,15
9H8d5ggs,27,175,70,9,NA,60,85,78,78,85,78,85,85,51,82,79,76,83,85,81,82,67,60,63,84,57,26,86,67,71,84,43,24,22,12,11,11,10,9
ChDTXf7k,28,181,79,18,8,79,73,74,85,70,83,85,86,81,85,73,74,69,77,73,90,74,81,79,87,78,66,77,84,83,75,55,72,50,6,6,12,15,13
0YbmyRtB,29,184,79,20,20,68,85,82,71,72,78,59,49,60,77,77,76,75,82,66,79,81,72,87,76,62,11,85,70,87,78,15,11,18,9,12,7,8,7
eADJ1u1C,29,181,83,7,NA,74,82,84,75,83,76,69,71,64,74,81,87,73,78,74,89,85,83,87,77,80,27,83,77,75,79,32,37,25,10,14,10,8,11
1GprmPbJ,28,178,73,20,NA,66,86,78,75,76,78,72,70,61,81,82,76,77,86,77,83,79,74,69,83,67,46,86,72,81,85,38,45,34,10,13,12,16,6
TNcQQXQ2,35,189,85,10,NA,72,83,79,75,77,76,77,70,69,81,71,66,66,78,61,84,74,72,91,79,83,47,79,75,77,80,30,41,23,10,15,14,11,11
GpHtct2J,35,188,77,17,NA,68,83,75,70,77,72,68,78,61,74,78,79,72,87,48,88,68,71,81,81,85,33,87,70,80,83,29,29,26,14,15,11,8,12
lz8yeNrF,27,181,78,24,NA,74,80,84,80,84,79,70,59,71,80,75,79,71,78,63,78,88,88,83,75,72,36,82,78,69,80,38,34,23,14,15,9,14,9
D9xr8UXE,22,179,78,21,18,71,82,69,75,74,83,74,61,64,83,90,90,84,81,83,79,77,79,75,72,62,31,80,77,74,76,27,24,16,7,9,9,10,14
z6DWuEjE,22,185,78,9,NA,64,85,78,69,75,74,63,48,53,77,83,92,77,78,68,78,88,80,82,72,76,34,81,65,75,72,36,38,19,14,14,10,9,6
nK2kjhak,24,186,84,9,NA,59,84,87,73,75,72,75,57,64,77,66,66,67,80,57,81,83,79,87,74,74,21,87,70,72,82,35,20,23,7,8,13,12,6
A8virBNW,32,168,62,7,NA,76,74,59,79,82,84,78,74,77,83,80,76,84,79,87,80,85,68,68,76,64,46,81,80,69,75,38,44,35,10,10,15,12,13
6ImnGfT4,28,170,69,7,NA,53,85,77,69,73,76,68,57,55,79,85,89,90,79,89,84,91,60,69,66,66,20,83,58,79,75,20,20,15,12,14,14,12,8
A6c8TUGo,33,182,71,7,NA,69,84,71,77,78,79,74,81,69,79,76,78,80,81,77,80,85,77,76,81,58,38,82,78,75,75,30,41,34,13,12,13,8,16
x5OObBjG,27,190,82,22,NA,42,82,85,74,83,74,57,46,49,79,58,73,67,80,52,81,82,69,91,65,70,36,81,75,88,81,39,61,55,6,7,14,7,6
y9kM9Q7Q,30,179,74,9,NA,59,84,71,73,84,76,54,46,59,79,76,77,73,83,75,83,73,78,74,75,69,35,85,61,82,80,42,36,38,15,13,15,14,8
LsYiBooK,29,184,73,10,NA,69,82,73,81,72,81,80,76,74,83,74,71,72,85,74,77,82,75,74,73,69,42,81,80,69,81,30,44,28,14,16,7,11,12
LPKURh2j,30,182,74,17,NA,74,83,74,73,78,76,72,57,64,75,91,90,83,81,72,81,84,80,77,72,72,39,83,73,72,75,32,29,21,6,13,6,14,6
6WiuXU4m,27,177,79,21,NA,68,84,71,67,72,81,64,62,65,81,90,87,91,80,72,80,74,84,76,72,68,35,81,68,80,72,23,40,45,12,14,10,7,10
uOrLSSYe,28,187,86,9,NA,50,82,80,73,71,74,51,36,65,79,61,69,60,76,73,83,70,71,90,74,69,30,83,71,79,80,32,31,18,14,12,16,13,16
fgNHX5AH,21,176,73,9,11,42,81,76,74,76,82,79,60,56,81,86,80,82,85,73,75,87,79,63,82,43,20,82,75,74,73,27,20,19,9,12,8,10,9
BXILM7qb,29,191,92,9,9,46,81,87,68,74,69,69,64,48,77,60,68,55,77,59,81,79,76,86,72,77,40,80,64,81,77,39,30,29,14,16,16,7,16
gLx1c0Xx,30,185,78,11,NA,73,77,78,81,77,78,70,72,74,83,82,83,74,76,81,78,78,76,73,79,62,33,83,77,76,78,37,41,34,9,14,8,8,7
5LvX48p6,31,180,77,9,9,67,80,72,75,76,78,76,80,66,79,87,81,83,75,90,86,83,81,82,72,69,56,77,78,85,76,43,45,35,9,16,7,8,7
HYlJ1JH7,31,178,82,9,NA,75,79,84,75,70,79,66,60,72,76,79,87,80,80,79,79,91,76,86,68,83,45,80,74,75,73,51,56,53,12,13,8,14,10
D9FLOsjp,30,188,86,17,NA,66,79,93,80,83,67,63,69,62,79,48,52,54,76,57,83,88,71,84,70,54,40,84,69,67,76,39,43,37,16,10,8,8,11
YylC6ON3,34,182,84,11,NA,61,87,77,72,85,80,73,74,64,81,75,68,82,76,58,79,72,69,78,76,51,44,81,74,86,74,25,30,42,6,16,11,6,11
A28jeuQI,32,180,73,12,NA,74,85,68,75,79,78,82,77,69,79,78,79,72,80,70,82,65,68,70,78,67,38,81,78,82,76,25,24,26,14,8,8,10,10
vw0Fz3hO,34,193,91,9,NA,64,82,90,75,82,69,70,65,58,81,41,43,54,81,53,84,82,54,88,66,76,42,82,77,90,79,37,37,20,12,15,11,6,5
Pg9uRXsj,29,180,66,9,NA,61,82,78,72,71,78,63,45,62,79,77,83,75,79,72,77,70,76,79,68,74,40,83,70,83,79,36,40,27,10,15,8,10,6
jrb6DJOA,23,192,88,10,NA,74,80,80,75,70,84,66,30,62,79,79,84,73,81,57,82,71,79,87,75,50,45,80,76,70,74,43,49,37,11,13,14,9,15
yHI56UBX,27,172,81,9,NA,59,82,74,71,79,79,58,57,62,77,77,84,73,78,86,85,74,78,84,76,87,38,77,68,72,72,38,46,41,11,6,6,10,14
dYOFujMP,23,187,84,9,12,50,80,74,79,78,78,76,70,60,79,69,76,72,75,64,86,73,73,79,79,32,23,81,77,78,76,28,24,19,7,15,13,9,7
mOHjTyTd,32,185,79,7,NA,63,84,75,65,73,79,55,48,51,79,65,70,64,84,39,79,72,70,77,71,83,19,85,66,76,76,29,28,29,12,8,10,6,12
lLw7h8JR,35,186,86,18,NA,64,82,84,75,83,72,61,62,54,80,55,64,52,80,47,84,76,75,83,72,52,38,82,73,83,81,22,32,35,14,11,9,9,13
3UP36iw8,28,188,84,21,NA,66,82,85,68,78,74,80,35,45,78,66,67,64,80,71,80,82,82,82,68,76,39,83,73,68,78,45,37,29,11,14,8,15,11
W9M1deBO,30,169,66,9,NA,67,83,74,71,75,76,66,69,53,77,81,87,83,82,87,79,78,76,63,78,62,28,85,66,70,79,34,22,23,12,9,9,11,12
qRECg8dW,27,201,93,18,NA,41,83,85,73,73,73,58,30,68,78,64,76,46,74,32,78,58,75,93,63,77,41,81,68,84,74,33,48,36,9,12,14,9,8
AbFg5620,26,180,79,11,NA,58,81,76,76,77,80,70,77,66,81,77,76,78,77,76,84,81,67,69,83,65,30,82,68,78,83,35,31,22,6,11,13,7,14
URxdc7i8,28,181,79,14,NA,78,83,73,78,80,78,82,73,72,79,77,66,80,82,79,82,71,77,75,83,67,39,83,80,64,79,29,40,30,11,15,16,12,15
ptDWXDzx,23,182,85,16,NA,67,82,79,72,83,78,77,46,61,80,74,76,76,80,77,82,76,75,78,75,62,23,81,70,66,78,25,26,16,8,7,12,9,13
2Zz9QB4A,25,191,85,14,10,64,81,80,77,74,80,78,56,62,83,71,70,83,78,67,77,71,64,74,79,59,25,81,69,65,73,44,24,19,11,15,8,9,14
53jZM2YI,28,187,83,9,NA,68,81,70,74,74,81,74,43,64,83,77,76,73,81,65,81,74,80,76,74,46,23,83,73,76,81,38,41,25,9,11,9,15,8
GjZPClUY,21,182,72,18,NA,48,81,76,68,72,80,67,44,39,76,84,85,75,74,79,84,76,71,85,66,57,31,81,58,65,72,40,36,30,13,8,10,7,9
fI2Ulo8z,35,186,86,18,NA,43,80,83,74,79,72,63,69,64,74,58,60,66,77,65,84,82,61,85,80,78,28,80,68,80,70,33,31,30,11,6,11,7,13
yQY4BJGW,38,180,79,27,NA,66,82,69,77,85,79,78,77,73,82,58,63,71,80,76,84,67,61,71,84,44,26,84,77,85,78,35,21,15,6,7,5,4,4
zuVA2WHs,29,189,91,12,NA,54,80,80,75,73,76,68,60,50,79,62,67,65,78,38,83,79,68,88,74,75,35,81,76,76,77,40,32,30,15,14,16,15,8
eqcjwkl2,33,181,74,10,NA,50,83,74,70,80,76,58,54,58,78,81,82,85,80,79,76,84,70,70,70,50,14,84,65,78,72,40,20,15,14,7,10,11,11
61ZeVEjD,33,175,73,14,NA,64,81,78,65,72,73,67,52,56,76,72,65,74,84,78,75,83,69,66,66,59,26,87,67,73,79,21,29,25,14,12,9,12,11
D6hBW4EH,32,196,91,NA,22,61,81,87,77,74,73,66,60,57,77,63,66,55,75,35,79,65,78,94,69,80,30,81,77,75,79,25,17,21,15,12,11,11,8
XLuUB8sK,29,190,75,17,NA,41,84,82,68,70,78,44,31,30,79,61,68,56,72,33,78,65,68,83,71,77,24,80,39,65,72,29,35,27,11,14,8,16,15
5nKuvmOZ,29,189,85,14,NA,65,79,81,69,76,72,72,64,63,73,68,75,66,75,60,83,80,83,87,70,81,42,85,68,68,77,44,46,40,9,13,9,9,16
F3dIMTXN,31,186,79,18,NA,56,83,81,78,78,75,42,46,49,79,61,61,62,73,51,81,75,66,79,79,71,52,84,67,70,82,45,34,21,7,9,8,13,13
2mt7ok6s,34,176,74,10,NA,36,82,69,78,73,78,53,35,52,77,78,79,72,82,73,75,68,73,69,80,57,41,84,64,70,74,22,13,13,11,12,8,5,10
bslWdxnq,23,177,69,9,NA,70,77,77,75,70,80,60,35,64,80,84,83,84,76,77,78,81,83,69,75,66,40,77,67,70,76,45,40,35,8,9,11,8,13
tpTf43to,21,190,75,9,NA,50,83,75,68,68,74,66,37,50,80,73,76,61,78,52,78,68,79,82,70,58,22,82,60,74,68,18,26,24,5,15,6,11,10
vevUyOPC,21,177,77,9,20,67,80,72,78,71,79,58,48,70,78,83,87,77,74,71,75,86,85,75,70,33,17,80,73,75,81,21,21,19,7,7,11,7,7
cwBej40N,27,185,71,9,NA,59,82,75,72,69,70,68,59,63,78,71,75,69,80,66,80,68,91,76,69,62,47,83,71,74,74,50,27,20,9,7,11,6,16
T39lRgX5,23,196,87,9,NA,50,82,80,77,77,72,50,42,46,77,61,77,61,79,53,78,70,69,79,68,49,22,80,67,74,73,35,23,15,12,7,8,13,13
XOOuIDpd,21,187,85,9,NA,59,86,91,66,70,69,59,33,64,70,77,70,70,68,67,87,89,74,79,80,62,16,74,65,56,80,38,19,17,13,9,6,12,16
UPAOfZwo,35,177,72,3,NA,55,80,84,76,80,73,81,70,60,80,59,54,73,79,77,78,86,60,70,74,73,41,84,63,81,80,32,42,19,10,13,6,9,5
rImetwvL,33,188,87,10,NA,50,83,81,69,74,72,52,65,68,74,74,73,82,74,80,78,83,65,90,77,55,45,78,65,83,72,26,39,24,14,12,7,14,13
sDPeTdpz,27,197,92,25,NA,50,81,83,69,75,72,57,37,48,77,58,61,57,79,31,79,75,76,89,70,69,28,83,69,77,75,17,19,17,8,13,14,14,7
8jixdTcj,28,184,78,13,NA,48,83,85,69,80,73,49,43,47,78,66,60,68,77,71,79,87,68,78,63,72,22,84,65,77,76,22,27,20,8,15,7,15,15
dEi8tZ5m,24,183,79,9,NA,50,80,81,72,72,73,69,58,48,74,75,81,74,78,66,82,86,79,85,66,75,22,82,69,76,76,39,14,16,7,13,11,10,8
xUpfwRTx,25,174,70,19,NA,69,80,74,73,72,77,79,67,69,77,83,79,84,79,81,80,83,85,67,70,87,39,84,75,71,81,44,41,29,11,14,14,11,8
p91nIpr5,24,185,82,14,NA,59,82,67,77,77,79,74,64,69,78,75,74,73,77,72,81,57,71,73,78,71,30,80,71,70,68,39,36,32,8,7,7,11,15
idmmcjSk,25,180,70,11,NA,67,80,81,70,64,75,63,56,59,76,79,89,79,77,73,75,92,88,76,71,34,44,79,74,60,66,40,46,36,14,14,14,6,10
6mCjRu3v,34,172,68,22,NA,56,84,71,70,80,77,62,50,49,82,71,71,72,80,75,79,75,55,68,78,72,26,83,62,69,70,42,23,20,6,13,8,14,11
Kiul06GB,32,183,82,9,NA,59,79,77,79,78,77,66,68,66,79,73,74,59,79,67,84,75,59,91,70,80,43,82,68,73,77,32,44,47,7,13,7,8,10
Fl7R03WT,28,188,88,18,NA,39,80,79,68,79,73,56,43,46,75,80,79,72,76,64,79,83,77,87,70,66,18,80,58,74,74,28,19,15,13,12,5,15,5
OyBKPnn6,30,187,82,29,NA,52,75,83,66,74,75,69,40,54,77,77,84,69,79,65,75,78,78,76,66,90,40,84,59,75,76,38,45,35,8,9,7,7,7
QpAxBquY,30,178,73,19,NA,67,80,62,74,73,75,62,44,68,73,89,90,89,77,79,80,63,81,67,71,75,48,82,71,68,78,39,59,51,8,7,11,15,12
54cOS245,30,183,83,17,NA,65,79,77,63,71,64,58,37,52,66,86,88,66,77,50,80,76,89,90,70,89,26,84,67,71,72,45,34,28,14,7,13,11,11
z9FT8v7x,25,181,77,22,NA,73,79,76,71,74,77,69,55,65,78,72,78,75,77,70,78,81,73,71,72,69,55,81,68,67,69,39,46,49,9,8,14,8,15
4b1mWkgx,24,184,73,7,NA,72,78,69,78,68,76,77,58,72,77,83,84,73,76,68,78,72,70,68,77,55,27,79,76,66,74,34,31,34,12,5,13,5,8
DljaCipp,32,190,80,27,NA,68,79,83,67,67,71,56,69,58,73,75,78,71,75,64,78,84,82,84,74,54,33,79,59,72,67,26,29,24,7,16,12,10,9
6IInprqK,31,178,64,18,11,66,79,76,68,76,83,78,72,63,79,84,84,88,75,75,74,82,77,75,68,55,33,78,72,76,70,35,20,22,11,7,14,7,16
Rbu4iOj3,32,196,83,29,NA,38,81,91,73,82,66,61,30,37,74,43,47,33,81,33,80,44,63,87,69,75,39,85,69,90,81,38,65,26,6,12,15,11,8
dtSPYe5r,31,186,86,33,NA,59,76,82,73,75,70,62,74,53,72,66,71,64,76,83,85,77,74,87,69,76,26,80,69,65,76,29,28,18,13,13,7,5,14
jIcWhM5o,31,183,79,19,NA,72,77,74,80,79,79,84,74,64,81,64,65,77,77,66,82,73,45,70,79,50,30,79,80,78,78,31,32,30,9,7,5,9,10
EiUdQz0Z,36,180,74,16,NA,66,82,78,79,80,73,70,66,58,82,54,52,62,79,59,78,75,49,72,74,83,41,84,74,79,76,38,41,40,13,13,14,9,6
cTVM1n1r,39,188,72,23,NA,52,81,80,78,81,71,62,59,57,76,33,39,34,84,32,87,46,33,88,75,77,41,85,72,79,79,45,32,19,6,14,8,13,14
yVUFot3Q,31,192,80,9,NA,58,81,81,78,74,75,73,62,58,78,56,54,60,79,34,78,80,63,76,73,63,25,80,68,74,66,23,27,20,11,11,8,15,7
ONl20znU,34,172,70,9,NA,69,76,67,79,76,73,74,70,69,77,82,84,79,76,73,82,83,69,64,73,66,38,81,75,81,78,44,33,39,6,10,8,8,6
kYaJKE5D,30,177,73,12,9,68,78,67,75,75,78,71,75,65,81,79,80,81,77,70,77,81,76,75,71,69,31,78,74,73,76,35,30,26,14,13,11,7,8
SwtheM8T,26,186,83,9,NA,44,83,83,63,67,66,56,60,55,75,67,71,61,75,44,77,84,72,83,74,46,23,81,61,70,68,25,15,21,16,7,15,8,8
sIWqAAh9,24,187,88,36,NA,63,69,71,76,64,77,68,51,70,74,83,86,67,76,67,84,73,79,85,71,78,44,82,72,66,74,40,63,38,13,6,7,7,12
2fkI0EEk,30,180,82,9,NA,66,82,74,72,73,79,75,72,60,76,73,75,79,75,52,80,71,73,78,70,57,20,80,74,59,78,30,25,20,9,11,9,15,10
VX8o2OI6,25,187,82,9,NA,56,80,75,73,73,76,66,67,63,79,69,72,68,74,63,76,77,70,80,71,72,29,79,68,79,72,42,29,34,11,8,12,12,8
XmaPWg4P,29,184,82,26,NA,63,75,75,72,76,80,80,67,68,80,75,75,72,74,63,77,75,71,86,72,76,33,77,76,74,82,44,23,19,8,10,9,7,8
FA23uk4q,30,186,78,7,11,65,83,77,70,74,75,75,58,65,74,80,75,74,73,66,75,82,82,81,69,78,49,78,72,73,72,25,45,44,8,10,15,6,15
4FV0M4uL,35,192,83,10,NA,68,77,84,77,83,78,78,73,74,77,79,69,70,72,82,80,86,82,80,74,77,56,76,75,71,73,45,57,53,7,13,12,15,15
dTTiwjdC,24,173,69,9,NA,61,80,73,74,76,68,63,55,59,78,79,76,76,79,81,78,59,74,67,71,80,26,82,69,80,69,30,55,33,11,12,7,8,14
KNLwCnh8,27,192,84,9,20,68,74,85,73,75,75,70,42,53,75,80,84,69,80,54,73,83,86,78,58,83,51,81,69,58,72,53,59,32,6,11,15,14,8
MDZgpH9g,34,181,77,20,NA,60,78,75,68,77,76,69,58,55,77,69,65,67,76,71,78,72,56,72,60,58,34,83,68,80,76,40,16,14,12,12,8,5,8
S6pVmFpy,30,184,80,29,NA,45,76,82,65,76,76,66,54,44,78,77,82,67,76,61,80,90,75,83,66,76,29,78,73,75,72,36,19,24,8,11,16,10,14
g6mLok5S,26,190,83,9,NA,51,81,70,71,75,76,65,36,47,78,66,75,67,77,44,84,52,76,87,68,84,41,79,65,71,83,44,33,25,15,13,13,7,6
454MaZlV,23,185,74,9,NA,71,83,65,66,71,74,70,60,59,72,87,86,79,75,76,78,62,79,81,71,80,44,79,60,72,63,26,48,28,6,8,13,11,6
gX3YRwx0,23,186,89,10,NA,50,79,78,74,76,73,63,30,56,76,72,72,72,74,68,78,83,74,87,70,61,24,77,68,75,71,27,27,25,12,9,14,13,6
MtcogLjJ,24,180,75,16,NA,37,80,74,68,67,77,56,43,44,77,79,78,65,74,62,79,74,72,83,68,60,22,79,60,77,60,28,17,14,11,10,15,14,10
xZ9PLCtT,25,174,79,9,NA,58,82,79,71,79,69,63,48,60,73,74,80,68,73,78,78,76,69,71,71,65,28,83,68,79,79,29,24,22,7,10,7,10,9
SKytTcFi,23,200,90,9,21,59,82,86,74,68,74,50,47,64,78,64,58,63,78,54,74,55,67,82,61,44,32,80,70,41,72,39,46,47,7,6,13,14,15
I1QSSfCW,23,180,72,22,NA,66,79,80,69,68,84,59,42,54,83,85,88,81,75,78,69,79,62,55,54,67,39,79,68,79,75,38,46,39,10,6,9,5,8
cffcr4o1,25,191,79,15,9,69,78,75,75,72,70,52,54,68,77,73,83,68,76,55,77,76,77,76,73,68,39,80,72,67,67,38,48,34,14,15,13,7,13
WKuktXhO,22,183,71,29,NA,51,82,67,68,73,74,65,35,61,76,92,94,89,77,74,76,89,82,67,71,63,17,80,53,75,69,18,24,16,8,6,9,5,11
CebOPNKk,24,191,87,12,NA,67,81,78,72,77,71,60,61,52,74,72,72,62,75,66,82,78,71,82,76,69,39,74,59,75,66,42,43,35,12,11,15,10,6
Kbf2kjG3,25,183,71,11,NA,67,79,69,74,69,78,67,48,60,77,82,83,82,77,74,78,79,77,72,68,59,30,79,74,73,75,34,39,35,12,9,14,8,15
71DeKjIC,27,185,78,9,23,65,78,75,62,76,76,66,46,38,77,74,73,75,76,71,81,80,65,79,73,63,23,78,64,67,81,37,26,22,9,10,16,7,15
ol56AZTn,26,188,83,19,NA,65,77,69,69,72,77,70,66,58,75,76,78,70,68,63,87,71,68,82,74,52,30,76,71,75,74,30,24,20,4,6,4,4,4
BMLPvmQM,30,186,78,7,NA,52,75,77,67,78,75,69,56,45,75,79,77,74,72,69,84,90,69,83,70,84,40,78,69,73,80,52,42,50,7,13,9,7,9
kz9blfWI,25,187,70,17,NA,54,80,78,62,76,68,61,56,56,73,80,80,82,77,70,73,89,79,81,65,80,49,79,63,80,77,38,48,42,16,8,8,7,8
7aOjp3xa,25,194,90,23,9,66,75,77,67,69,70,74,60,59,75,72,87,55,74,56,80,65,83,88,68,74,36,78,69,70,79,39,23,21,15,12,8,15,8
4DEb5pu5,33,188,83,20,NA,72,77,78,75,76,70,75,47,73,74,44,49,53,78,53,81,80,64,86,68,84,50,81,76,77,78,42,48,24,10,9,6,15,11
EgNj8TJH,25,177,79,20,NA,56,77,75,73,69,73,65,52,64,76,77,79,67,69,84,80,83,77,86,68,89,33,78,70,72,74,42,43,29,13,13,9,12,8
MxthgwDq,24,172,69,9,NA,62,79,66,70,68,74,69,63,58,74,93,88,87,76,90,76,84,81,61,76,79,41,78,67,71,75,36,23,25,10,13,13,12,7
EDHmTrRZ,26,183,77,9,23,51,81,77,64,74,70,60,40,35,75,71,78,69,75,62,78,80,72,76,67,54,31,81,52,73,75,33,34,24,10,15,10,6,13
4svB2xIv,32,190,86,9,NA,68,80,77,70,77,72,69,76,65,75,67,68,66,75,64,85,62,80,86,76,69,43,74,71,73,71,31,33,34,9,7,15,12,13
bA2OZZ2g,31,190,82,11,NA,58,76,83,70,78,77,46,64,52,76,60,55,61,75,53,81,74,77,84,75,82,25,77,60,75,68,23,22,27,15,7,12,7,9
qTvrFNyG,28,177,80,21,15,62,78,79,71,68,73,64,51,60,75,76,82,83,75,81,79,91,78,85,65,70,42,75,66,65,75,45,21,22,9,10,11,9,12
YhPXhL6u,26,188,90,21,NA,74,77,72,73,67,78,75,73,54,78,68,77,68,79,65,84,52,73,75,77,55,28,78,73,80,72,40,28,15,13,9,7,14,11
gH5KXbLV,26,189,90,27,NA,69,76,74,73,70,76,54,40,59,77,73,84,71,76,64,80,76,70,77,70,69,28,77,69,65,77,16,24,18,15,13,16,11,15
xFTsWz1G,27,179,76,9,9,57,79,73,70,65,71,72,67,54,70,83,80,85,75,80,74,89,85,73,68,71,52,84,65,73,76,25,32,31,9,15,11,6,13
PQ5TtZKE,28,185,82,18,NA,62,78,71,67,73,74,69,63,57,75,80,77,77,76,64,77,74,80,73,77,62,44,79,66,66,69,33,42,36,9,15,10,7,6
kU3eiQzO,32,177,76,18,NA,66,76,76,77,75,76,75,48,67,79,71,69,75,76,73,79,68,78,78,68,61,44,80,77,80,77,33,54,43,8,12,11,16,9
OaiQ4Tom,31,188,88,9,NA,51,81,80,69,70,68,60,48,57,75,55,52,54,77,48,79,83,73,88,72,60,46,81,63,64,77,39,25,27,11,9,13,8,13
Zrjf3dZe,26,190,85,37,NA,60,78,78,76,66,78,59,45,64,80,54,66,57,73,71,80,79,76,92,62,62,22,79,75,80,74,40,27,20,3,3,3,5,3
LhXNKvnY,25,175,70,21,NA,57,77,77,66,73,76,59,41,46,69,92,91,90,72,80,78,93,81,76,66,69,37,73,60,64,69,36,35,33,15,13,13,14,12
XjuZUTrq,23,182,71,19,NA,69,75,70,71,68,79,53,42,66,74,88,89,70,69,64,73,73,70,74,70,45,24,75,68,59,69,27,18,20,6,10,6,8,16
8H6aGDII,24,178,70,10,10,55,76,63,70,70,73,63,59,53,75,83,84,78,74,74,86,76,77,79,75,74,36,77,62,69,71,33,42,36,16,13,12,15,9
opXMKfV7,24,187,84,29,NA,46,78,73,69,75,73,56,31,53,75,70,73,67,76,56,80,73,73,78,73,69,23,77,64,64,65,20,14,23,11,11,12,7,9
NkJOuExg,24,182,74,21,NA,60,77,75,79,71,75,63,62,65,82,67,69,75,76,73,76,84,71,73,72,48,37,82,67,74,82,40,29,24,12,9,8,15,7
rYCnhy6H,31,190,83,7,13,78,78,69,77,74,81,81,75,74,80,55,66,65,79,63,82,36,51,75,79,76,54,77,76,85,74,37,35,30,9,5,6,5,14
jJuHsVHy,31,181,77,9,NA,70,77,81,79,80,73,55,47,61,77,55,54,67,82,64,76,81,75,86,69,66,42,81,72,71,74,31,46,31,1,1,1,1,1
o5076C9v,30,176,82,10,NA,79,78,55,76,70,77,79,78,67,78,66,72,76,77,76,82,34,68,69,79,75,53,79,77,75,80,31,46,30,6,7,11,11,6
BO19tH6Q,32,191,90,13,NA,65,74,75,75,74,81,74,44,63,78,69,73,73,75,65,78,70,72,80,64,57,40,76,67,68,75,31,36,20,9,9,9,16,6
vI2o4Imv,34,186,76,7,NA,68,80,83,73,73,70,66,57,65,71,66,69,64,74,61,81,90,81,84,72,77,36,76,69,90,76,45,49,42,16,14,9,16,8
XHLOp7FD,30,190,94,9,NA,64,78,69,76,77,80,74,80,66,81,71,75,66,62,49,85,72,54,91,76,72,30,74,74,91,80,10,22,20,2,2,2,4,2
dy13R9eJ,31,186,83,9,NA,68,76,69,75,76,75,75,67,62,74,81,81,73,73,66,80,67,72,74,74,67,32,79,75,73,73,26,28,24,16,9,16,15,10
2Q4Yj3lr,31,178,80,7,NA,69,77,73,70,70,76,66,71,61,76,75,77,74,72,75,88,88,74,78,79,52,39,75,71,71,76,19,22,21,6,6,15,16,7
XgvzpG1I,31,180,80,22,10,45,81,63,71,74,73,53,40,48,77,78,74,77,83,72,75,68,77,69,66,56,44,84,71,73,81,30,29,16,13,8,8,9,7
2AAvT68S,24,191,93,7,NA,58,74,76,72,74,71,57,49,68,77,54,76,53,73,45,84,70,64,91,72,83,37,77,71,69,76,35,37,15,12,13,14,8,6
IncDCqpJ,18,188,86,20,19,69,75,71,72,73,77,68,64,67,77,79,77,69,76,78,78,70,76,82,73,70,23,75,75,66,74,23,32,23,11,10,9,11,10
ImrH6fRY,22,187,81,9,NA,67,75,73,74,67,72,64,61,52,75,85,83,77,78,54,83,73,86,86,70,81,41,74,76,74,77,34,37,30,14,10,12,10,13
zv16bJ7x,29,183,78,10,NA,50,79,78,73,74,76,74,66,62,77,73,67,77,77,73,76,90,75,74,69,39,19,80,69,63,76,22,37,27,13,12,10,15,11
gkmUAQeV,20,183,67,9,NA,52,78,61,68,72,75,62,44,54,75,91,88,85,80,76,77,83,75,68,67,47,23,79,66,66,73,29,22,18,9,15,14,6,11
5kk4TleE,27,188,82,16,NA,41,79,72,73,78,75,72,53,41,76,72,71,70,78,55,77,70,70,77,75,75,21,78,67,73,70,41,19,23,7,13,13,15,6
p1LDyJrk,27,174,74,7,NA,66,75,70,72,73,76,67,60,62,74,78,73,77,75,76,78,89,78,70,73,77,50,78,70,74,77,29,52,47,12,15,12,11,12
CncMidRa,33,192,83,9,NA,50,81,81,64,77,64,38,44,40,72,52,55,52,76,58,80,75,67,85,69,75,23,80,59,73,73,37,42,19,8,9,15,16,8
aDO4coWR,32,173,70,10,NA,71,75,53,72,75,77,78,76,68,78,82,85,85,76,81,83,61,70,63,80,75,33,77,74,73,76,43,55,34,11,12,9,16,9
yTZqkCLt,26,189,90,9,NA,29,76,80,70,73,66,42,52,46,76,55,69,67,76,63,82,84,68,91,70,89,14,77,68,73,73,25,24,13,15,12,6,7,13
LFJiPhEN,29,178,78,8,NA,73,75,65,77,68,79,72,69,70,75,82,81,85,70,68,80,80,66,81,72,70,45,76,71,70,74,32,40,42,8,15,14,15,14
NrL9Duw5,30,185,80,28,NA,79,76,75,64,73,71,54,52,63,73,70,73,61,77,61,81,84,87,80,76,85,52,76,71,47,64,49,56,59,14,14,13,15,11
OfLjtVR0,27,180,89,9,NA,64,75,65,70,64,79,68,27,60,74,82,84,78,73,73,80,77,75,82,74,74,30,73,63,68,77,40,25,23,14,16,15,7,13
S9vAVBhd,27,182,80,23,NA,40,79,64,60,79,69,61,49,52,68,75,83,77,77,73,82,70,89,85,81,85,36,77,58,69,79,32,19,18,11,8,10,13,7
DkmJlRN8,24,179,69,20,NA,72,75,68,74,67,73,68,65,62,74,85,87,82,70,78,80,77,91,72,75,72,66,76,69,64,67,64,70,66,16,13,8,12,9
vwTgJkDg,36,185,75,9,NA,57,83,84,70,65,69,60,53,61,75,55,55,60,74,52,74,78,67,81,66,70,23,80,65,75,72,39,35,33,7,14,6,7,14
xOiuYsBQ,25,181,81,99,NA,40,75,76,68,72,74,69,60,55,75,77,76,75,76,73,79,86,67,69,66,70,24,78,60,71,76,44,29,26,12,15,9,14,11
EERpUudS,25,180,73,29,NA,58,75,70,65,66,79,59,57,58,77,91,89,81,74,64,72,80,75,72,65,74,33,73,73,65,69,27,21,25,9,7,6,10,9
LjbHqziG,24,192,88,14,NA,39,77,78,65,73,74,53,32,41,73,59,77,61,75,51,75,77,65,86,63,71,22,75,59,72,69,29,31,22,8,8,7,13,11
6r4VJfQm,24,195,85,7,9,35,76,78,72,69,73,55,58,45,72,70,72,66,73,57,80,75,66,78,69,65,28,75,65,74,71,44,41,29,5,14,7,7,9
94H1pqdS,22,176,73,29,NA,58,78,69,70,64,75,57,68,62,70,86,81,70,74,77,73,71,74,72,74,73,23,77,66,70,70,44,43,40,9,11,11,9,6
qU3muAzn,23,186,79,11,NA,67,77,70,74,68,74,72,68,65,76,73,80,69,70,66,78,73,73,79,74,73,32,74,74,73,74,29,24,22,10,5,10,7,6
Lr5WDsWQ,25,176,69,25,NA,70,71,74,71,68,73,73,39,65,70,89,92,82,75,78,79,82,81,77,68,80,47,74,66,62,66,41,52,51,6,12,13,13,6
SNFfbSyZ,34,184,74,33,NA,56,77,74,72,70,72,66,47,51,73,70,71,70,75,71,75,74,67,76,72,61,28,83,66,70,75,33,33,25,10,7,12,8,14
SqNPjTi4,33,187,79,29,NA,60,79,77,74,74,73,64,50,48,76,59,67,69,78,55,77,65,55,73,60,68,42,81,66,70,78,44,32,28,9,11,9,11,7
9h6usexh,30,184,83,91,NA,66,73,74,75,71,79,74,69,66,77,77,79,83,76,71,76,73,70,66,73,64,35,79,70,67,79,37,42,44,7,16,14,8,8
rmVkkM1y,25,186,72,9,NA,47,79,75,74,70,78,40,34,66,79,65,73,71,72,51,79,73,64,73,75,72,22,73,73,73,67,21,21,22,12,13,8,9,12
kqtGRq6B,21,177,73,9,NA,52,77,73,72,60,76,50,50,52,76,73,73,65,76,69,73,59,64,70,68,40,19,80,55,75,67,21,19,20,10,10,6,11,5
cWrq4ZdS,32,183,73,9,NA,66,78,71,70,76,75,64,55,55,74,65,68,65,73,72,81,76,59,84,73,74,32,77,67,75,72,37,45,41,9,11,13,16,8
8gpZTRAF,27,186,82,11,NA,68,76,73,69,75,70,64,49,56,75,77,76,75,75,66,78,71,72,80,68,42,11,79,70,73,68,15,11,18,9,12,7,8,7
8RftvTp7,37,180,71,9,NA,61,78,77,62,77,76,62,63,55,75,73,78,62,79,56,76,55,61,69,73,57,34,72,65,64,65,22,23,22,8,14,12,16,12
AWgn4oMJ,24,195,85,7,9,35,76,78,72,69,73,55,58,45,72,70,72,66,73,57,80,75,66,78,69,65,28,75,65,74,71,44,41,29,5,14,7,7,9
JlShVZdy,24,167,72,21,NA,68,78,69,71,66,77,70,75,57,74,75,74,79,75,90,78,68,76,65,72,41,25,77,69,76,69,41,47,45,7,14,8,11,10
vEb79hLi,30,187,86,7,NA,54,76,69,72,78,73,62,44,56,74,74,71,67,77,66,83,65,82,79,69,80,35,76,68,69,75,27,35,28,15,7,6,16,16
Ng9JP50e,24,184,78,22,NA,51,80,74,69,69,73,50,45,57,74,78,74,73,58,69,79,79,68,79,77,62,33,77,55,61,65,33,36,31,6,14,11,8,12
rX71amW3,31,179,74,10,NA,66,76,67,70,72,75,60,62,58,76,84,92,80,69,62,65,78,75,70,64,56,45,79,63,82,66,20,25,30,7,12,6,16,15
OvbtISXn,22,176,73,29,NA,58,78,69,70,64,75,57,68,62,70,86,81,70,74,77,73,71,74,72,74,73,23,77,66,70,70,44,43,40,9,11,11,9,6
FKXx4QYr,22,189,79,14,NA,66,80,65,70,65,84,59,33,48,77,85,89,84,70,73,70,60,70,72,49,59,54,80,58,81,69,53,50,39,8,13,13,9,11
Rebjczfh,22,189,79,14,NA,66,80,65,70,65,84,59,33,48,77,85,89,84,70,73,70,60,70,72,49,59,54,80,58,81,69,53,50,39,8,13,13,9,11
hpSxeCt8,28,189,83,11,NA,63,76,80,67,71,70,69,69,48,74,61,64,59,75,52,79,70,63,81,72,67,24,80,61,78,72,41,30,17,15,9,10,13,9
8vTm2Wd2,27,185,73,26,NA,53,77,72,66,75,72,66,60,57,73,81,85,70,76,72,78,73,78,73,76,65,27,76,71,65,77,24,25,24,6,15,7,9,6
QL7Zjgeu,34,185,85,8,NA,72,77,65,73,67,80,77,50,66,77,75,78,70,69,70,85,76,68,86,82,56,34,72,73,70,71,40,38,23,16,8,12,11,15
RIot57a4,24,192,88,14,NA,39,77,78,65,73,74,53,32,41,73,59,77,61,75,51,75,77,65,86,63,71,22,75,59,72,69,29,31,22,8,8,7,13,11
iLia1GFy,38,174,74,15,NA,59,77,77,75,75,72,81,68,69,77,64,63,69,74,69,80,75,54,72,73,59,51,80,69,85,85,35,57,37,8,10,11,13,6
0c1dol3y,31,175,72,7,NA,68,74,69,75,70,74,81,70,53,78,75,78,81,72,69,76,81,61,74,71,63,29,77,66,74,74,35,23,19,16,7,13,15,8
mPJYCjEj,24,192,75,9,NA,49,80,73,68,65,74,61,41,45,75,80,85,65,68,45,79,79,69,87,63,42,19,71,59,71,64,37,20,19,11,9,13,11,9
azWzeNJQ,24,187,78,10,NA,56,75,73,74,74,77,68,63,47,76,69,67,73,73,71,85,80,68,83,72,70,29,74,65,80,68,34,33,24,8,14,8,13,13
s69gv4Yk,29,185,88,19,NA,61,78,74,68,59,73,47,43,39,74,76,78,74,70,72,76,72,72,81,71,54,23,78,55,61,75,12,23,15,6,14,15,10,16
h42gQkHF,25,180,73,29,NA,58,75,70,65,66,79,59,57,58,77,91,89,81,74,64,72,80,75,72,65,74,33,73,73,65,69,27,21,25,9,7,6,10,9
A17skbeG,27,194,86,94,NA,35,77,79,70,70,69,58,30,42,74,44,66,49,75,36,78,62,75,91,67,73,18,77,63,71,73,23,25,22,8,9,14,9,10
kYARgE4N,33,185,83,9,NA,50,80,79,64,70,74,45,33,48,72,66,69,67,67,55,80,80,50,88,77,75,15,77,56,72,69,34,19,22,5,8,9,10,15
cwzbZlJp,36,179,74,9,NA,48,83,83,64,67,62,59,68,54,73,61,41,34,77,72,78,62,40,88,63,77,20,84,66,81,77,30,29,30,6,8,9,8,6
BF2yD8O7,28,182,76,9,NA,37,77,77,65,72,71,64,39,46,72,74,82,69,72,66,77,80,82,80,68,55,14,77,58,70,65,29,17,20,7,15,14,8,14
EPoUxLKq,27,180,76,24,NA,50,75,79,66,69,71,75,75,51,70,75,76,79,72,70,84,91,75,77,81,83,45,74,63,74,68,41,40,34,12,14,6,8,15
JnFwIT14,21,177,73,9,NA,52,77,73,72,60,76,50,50,52,76,73,73,65,76,69,73,59,64,70,68,40,19,80,55,75,67,21,19,20,10,10,6,11,5
f2WiaDFs,27,184,79,9,NA,35,72,72,72,63,67,54,39,66,73,75,75,69,75,63,82,71,72,91,68,83,19,77,75,81,74,45,37,37,13,7,11,15,16
89kqSvHW,29,182,81,9,NA,71,74,75,73,73,79,75,69,60,77,74,78,79,75,74,76,71,75,72,73,69,40,76,71,74,70,37,52,36,6,8,7,16,8
5NwITUer,37,180,71,9,NA,61,78,77,62,77,76,62,63,55,75,73,78,62,79,56,76,55,61,69,73,57,34,72,65,64,65,22,23,22,8,14,12,16,12
kRdSnBkW,29,178,72,15,NA,57,76,77,65,72,72,61,55,58,73,76,78,77,73,71,85,63,61,63,77,52,23,75,56,56,78,20,14,15,8,9,8,8,11
VpNVEpwU,25,176,69,25,NA,70,71,74,71,68,73,73,39,65,70,89,92,82,75,78,79,82,81,77,68,80,47,74,66,62,66,41,52,51,6,12,13,13,6
3hp7KSSh,31,177,74,13,NA,67,75,74,68,62,72,73,67,60,72,89,88,84,73,72,80,91,81,76,70,61,40,74,65,68,63,50,40,38,9,12,16,9,8
eCzPavt4,26,184,79,39,NA,34,76,82,64,78,77,67,41,51,76,62,51,72,76,74,77,76,72,82,70,83,37,78,74,79,81,21,30,23,9,8,14,12,7
Vx4VvCXe,31,186,90,77,NA,53,75,80,70,67,71,58,48,42,76,55,70,53,70,46,81,73,64,93,67,73,21,79,62,66,74,29,25,20,7,7,7,5,8
yW1xYOaJ,33,185,83,9,NA,50,80,79,64,70,74,45,33,48,72,66,69,67,67,55,80,80,50,88,77,75,15,77,56,72,69,34,19,22,5,8,9,10,15
ZNdT1amu,27,186,82,11,NA,68,76,73,69,75,70,64,49,56,75,77,76,75,75,66,78,71,72,80,68,42,11,79,70,73,68,15,11,18,9,12,7,8,7
Y32gOWKY,24,192,75,9,NA,49,80,73,68,65,74,61,41,45,75,80,85,65,68,45,79,79,69,87,63,42,19,71,59,71,64,37,20,19,11,9,13,11,9
4Q6hfmVc,27,185,73,26,NA,53,77,72,66,75,72,66,60,57,73,81,85,70,76,72,78,73,78,73,76,65,27,76,71,65,77,24,25,24,6,15,7,9,6
HzsT9ghb,24,184,78,22,NA,51,80,74,69,69,73,50,45,57,74,78,74,73,58,69,79,79,68,79,77,62,33,77,55,61,65,33,36,31,6,14,11,8,12
KbNh0as3,24,184,80,16,NA,59,77,73,69,73,71,63,60,59,74,79,79,75,74,76,75,78,81,79,69,87,31,78,67,61,72,27,35,28,10,6,13,9,10
b1kcO2iw,29,178,72,15,NA,57,76,77,65,72,72,61,55,58,73,76,78,77,73,71,85,63,61,63,77,52,23,75,56,56,78,20,14,15,8,9,8,8,11
v09mguIz,28,188,87,13,NA,13,11,15,43,13,12,13,14,40,30,43,60,67,88,49,59,78,41,78,12,34,19,11,65,11,68,27,12,18,87,92,78,90,90
yKH3IuQS,29,187,85,1,NA,18,14,11,61,14,21,18,12,63,30,38,50,39,86,43,66,79,35,78,10,43,22,11,70,25,70,25,13,10,88,85,88,88,90
V0rOrgWg,35,193,93,1,1,15,13,25,60,11,30,14,11,68,46,54,60,51,87,35,68,77,43,80,16,29,30,12,70,47,70,17,10,11,88,88,91,89,88
ZZtwLQiu,29,199,96,1,1,14,14,13,33,12,13,19,20,35,23,42,52,62,84,45,56,68,38,70,17,23,15,13,44,27,66,20,18,16,84,89,74,86,88
nSxr8s6s,22,196,90,50,21,12,12,12,36,8,28,12,14,34,30,50,55,64,85,38,59,72,34,72,18,30,26,14,60,24,68,20,14,16,91,83,79,85,90
shz33Ql8,27,188,86,31,NA,20,14,14,61,18,23,15,20,66,40,64,63,60,88,48,70,66,41,78,18,38,27,20,70,51,70,29,15,8,87,82,93,88,88
g8f8jila,28,191,91,1,NA,17,13,29,45,20,27,19,18,44,30,56,47,40,87,37,63,52,32,78,14,27,11,13,66,23,65,15,19,16,86,86,84,90,89
1hkoopga,34,185,80,1,NA,11,15,11,40,11,24,21,15,37,30,54,53,60,85,61,56,74,39,75,13,32,22,16,68,25,67,28,14,14,89,84,75,87,89
2HbvX6i7,31,195,90,1,1,12,12,16,32,14,11,16,14,36,22,51,47,55,82,51,55,71,45,65,14,40,15,14,48,18,65,20,13,12,86,82,73,87,88
GQY1Ds3t,34,188,82,1,1,13,10,10,50,11,10,11,10,50,34,61,62,55,85,54,49,74,41,43,14,31,27,10,50,40,65,29,10,18,88,83,65,84,90
WlUC8k4v,29,197,86,1,NA,15,15,14,35,13,14,20,13,37,23,44,46,50,83,43,60,58,44,72,18,33,16,15,42,20,40,11,19,17,85,83,80,84,87
GCXV416J,36,193,92,1,NA,12,10,10,42,12,18,20,14,40,21,45,50,47,79,36,49,78,41,69,19,25,22,12,41,23,69,25,10,13,81,81,65,92,87
ajyk2LeJ,31,191,86,1,1,16,10,23,35,10,19,18,11,31,25,42,44,41,81,42,57,67,35,74,12,34,23,11,44,24,45,25,16,20,85,84,76,82,86
Vs6CKRmR,32,183,79,1,NA,13,13,10,40,8,15,12,13,31,25,48,54,55,82,58,63,73,45,68,12,38,21,15,64,24,57,9,19,12,79,81,84,86,86
CLfsa9Zs,34,189,89,1,1,18,12,16,44,15,12,13,15,46,40,45,51,61,82,47,60,60,34,64,14,35,20,13,59,26,67,14,14,13,84,78,80,83,90
UNXhDyP6,28,195,88,1,23,22,16,26,50,13,13,22,20,51,35,59,57,49,80,49,62,60,40,70,16,37,13,12,66,42,60,11,20,20,85,83,82,83,85
PDZIqajl,30,192,76,1,1,17,13,21,48,13,18,21,19,43,38,57,58,63,83,43,57,67,43,55,12,38,30,12,61,29,63,25,21,13,86,79,76,79,87
f7m63EES,25,191,89,16,23,18,15,17,55,16,32,28,16,46,40,49,51,39,82,55,64,74,39,78,20,30,25,15,60,15,65,23,16,19,83,81,85,84,86
UbqzjIR1,29,199,76,1,NA,11,14,11,32,14,15,13,12,35,24,50,47,36,78,42,56,72,37,75,15,36,21,13,45,22,63,14,15,14,81,83,75,83,84
3WKZCSTc,32,189,87,1,NA,24,14,13,39,15,15,23,22,39,14,59,54,62,80,58,59,73,41,73,13,20,22,12,46,15,64,24,15,14,85,83,78,81,83
CNUG4YVC,31,192,83,1,1,11,11,11,30,9,10,11,15,33,20,38,44,43,82,39,52,69,34,55,14,31,18,9,53,20,48,10,10,13,85,78,69,83,87
rHcTPmm9,29,190,83,1,12,9,9,13,50,10,16,9,8,48,35,55,56,52,78,44,57,73,43,70,14,28,25,7,56,23,62,27,15,18,85,80,76,83,85
RTfldsY8,27,185,77,1,1,17,19,15,55,20,14,18,16,56,40,53,44,55,80,55,65,77,45,70,13,45,24,18,69,45,65,21,20,12,83,78,87,80,86
1gjgDMLr,29,197,86,16,NA,10,5,10,39,9,13,13,14,46,31,36,33,48,80,27,59,39,35,72,9,22,13,6,44,13,57,10,11,13,83,82,78,81,84
fxvfIEFX,24,190,89,1,23,16,14,18,40,17,12,20,14,37,16,46,48,32,72,47,57,63,45,76,13,27,26,14,44,24,42,11,18,12,82,77,76,85,84
tGNjiVDB,33,190,85,1,1,10,8,11,18,8,9,9,18,16,21,41,42,34,82,41,58,67,29,79,7,34,23,20,51,14,67,20,17,13,79,84,77,83,78
pmZELJfk,26,187,79,40,NA,13,12,13,46,10,19,12,11,56,28,57,54,65,80,30,56,61,32,75,9,26,21,11,60,15,64,24,20,21,81,78,74,80,85
fTAAzbQh,30,184,81,1,12,19,18,16,32,13,15,15,14,31,21,63,64,67,82,62,53,82,36,73,18,45,25,9,48,16,65,13,15,13,84,78,70,80,86
Ec7OCjrp,30,192,78,13,NA,15,14,14,39,13,20,12,19,44,12,37,34,47,80,29,57,48,43,69,19,25,12,10,60,24,57,20,18,15,82,79,76,81,84
Mq9xod7w,31,190,84,13,NA,11,15,14,36,12,19,12,13,41,24,56,52,59,78,49,59,83,41,63,20,40,15,11,42,22,64,17,14,15,83,79,78,79,81
ybwAwWbC,36,190,83,1,NA,14,13,11,20,17,14,18,12,32,22,50,47,53,75,44,53,69,25,65,20,43,16,15,52,22,63,14,12,13,82,82,71,83,82
Fdhk0HMs,34,192,85,57,1,13,10,11,23,12,15,11,11,28,18,46,46,52,78,55,57,68,34,66,14,34,20,10,55,19,62,14,11,13,82,77,76,84,80
fNXD0XpW,33,190,84,1,1,12,12,11,34,16,20,10,16,32,25,53,57,61,76,54,58,79,45,77,11,37,23,13,64,32,66,14,13,11,82,80,77,80,83
q8cHjrwt,30,189,88,1,22,13,13,11,25,12,10,14,12,12,24,45,52,42,82,37,59,75,45,73,13,30,22,12,46,17,62,15,14,10,82,78,79,82,84
1LMOlym8,31,187,82,1,NA,14,11,16,30,11,19,12,11,25,17,47,51,45,82,43,59,73,39,69,13,32,21,10,41,22,52,15,18,14,81,80,79,79,82
mkLHQK9s,28,195,94,13,NA,20,19,14,48,16,15,16,16,37,22,56,54,58,78,58,57,72,38,80,14,26,23,17,51,25,64,13,18,12,85,79,76,80,85
C2pJh5Aw,26,194,94,22,NA,17,14,19,31,20,18,13,15,25,24,46,48,56,77,52,57,52,40,68,17,19,18,12,30,21,63,20,12,19,82,81,76,83,82
6TKbAgnU,27,191,91,13,22,13,20,14,25,20,18,19,20,26,24,31,30,34,71,24,56,62,27,66,14,19,27,20,50,30,49,25,10,19,82,76,75,83,84
nE54ZGHP,27,184,78,28,NA,15,12,12,31,13,13,11,12,25,21,41,37,37,75,43,55,74,43,55,17,33,19,15,42,31,59,20,11,12,82,80,73,80,84
QRhkSQv3,32,188,85,1,1,15,14,19,28,13,14,17,16,45,20,42,37,43,78,56,56,73,38,73,16,29,23,15,68,13,60,20,18,18,83,77,74,80,84
uBjnOnnN,33,188,84,1,NA,18,14,11,37,15,24,16,15,34,20,55,52,68,81,60,57,75,38,59,12,45,15,18,65,14,64,22,15,15,82,77,76,80,83
LDDj292C,26,191,83,1,NA,12,13,13,34,15,19,14,17,29,23,40,46,69,74,40,60,66,42,73,11,34,20,11,35,24,55,14,17,18,84,74,80,84,82
UAhmFdzt,28,192,85,13,NA,15,19,24,24,19,16,23,11,33,19,49,34,49,80,42,54,61,43,75,18,24,18,12,45,23,58,22,13,13,81,80,72,80,82
OMwGjcVw,32,190,80,1,NA,12,10,12,48,11,19,15,13,45,35,48,44,47,75,60,60,74,38,60,17,28,25,12,55,20,59,19,15,14,79,78,80,79,82
k3amrPHz,27,191,93,1,12,20,18,15,31,15,16,16,12,24,20,46,42,32,71,39,55,51,35,70,14,27,18,19,48,25,67,12,14,16,82,78,73,82,86
s40pUDvK,27,191,78,99,1,15,12,13,27,14,13,17,13,24,23,42,44,67,82,38,50,74,39,68,16,32,23,14,46,18,56,17,14,12,84,78,67,78,84
sxTIGsNe,36,185,82,30,16,14,13,13,46,13,19,13,12,36,27,53,43,52,80,36,59,69,31,61,7,37,23,11,55,11,62,13,15,13,80,80,78,81,81
nzsCdyfA,34,190,86,1,NA,12,11,23,34,15,12,11,12,43,15,56,54,55,76,51,59,71,32,77,12,41,20,11,42,25,63,20,14,18,78,81,78,83,80
eNP2qFgW,30,182,78,1,NA,30,12,20,38,15,22,34,14,35,14,58,53,70,80,48,50,80,42,48,12,15,24,15,48,24,55,14,13,12,82,78,67,81,83
jZS4rqgw,34,189,82,47,NA,10,10,10,31,19,10,15,15,27,23,48,34,57,75,40,54,80,31,51,19,11,15,10,46,21,63,10,17,19,81,82,72,80,83
Rj42w8Ma,32,185,83,13,NA,17,10,12,50,19,12,10,10,35,32,56,50,48,80,50,59,71,40,67,15,25,25,11,60,21,61,18,12,11,81,80,78,81,79
3xaSGXis,29,186,81,1,NA,14,16,10,28,13,13,20,20,29,15,48,42,62,77,53,53,73,43,75,15,29,26,14,53,23,62,18,16,13,79,77,70,81,82
B02okp0U,26,193,78,1,NA,18,18,11,26,11,14,14,12,22,15,41,46,45,78,47,56,56,23,66,20,20,24,18,49,21,61,20,18,12,82,77,74,77,84
3763zMaL,28,191,93,40,NA,12,14,13,28,13,19,20,17,27,20,48,48,47,75,45,54,62,40,80,14,28,21,17,46,25,62,17,20,17,80,79,72,80,83
ssOzLgFA,34,189,88,1,1,18,11,19,35,18,19,15,16,29,35,41,45,37,77,39,50,67,35,81,17,45,21,17,55,20,55,15,13,19,78,76,67,79,85
QVcMefVF,29,189,84,13,NA,12,15,12,32,16,14,19,20,23,15,56,52,58,76,50,59,65,42,73,17,26,21,12,58,24,61,15,13,17,80,79,78,79,80
C7Fj6jxZ,26,189,77,16,NA,24,19,15,38,17,18,23,21,41,16,45,52,40,74,57,54,71,42,52,18,39,16,20,62,25,62,19,20,11,80,79,72,80,82
i3rN4eeF,43,192,92,1,NA,13,15,13,37,17,26,20,13,35,28,37,30,55,78,49,53,69,34,65,13,38,28,12,50,22,70,13,11,11,76,73,70,90,76
W1DroS0n,35,190,85,13,13,15,12,19,36,16,10,14,17,37,18,47,50,65,74,42,53,75,34,56,11,19,23,16,48,16,62,21,10,12,79,75,71,81,83
sQsy5DjF,35,186,78,35,NA,19,13,18,23,10,15,19,13,22,22,51,50,53,71,45,59,62,35,72,13,24,17,11,59,10,67,18,13,13,77,72,78,82,84
it99Am3Y,33,193,87,22,12,11,11,16,37,16,14,16,12,34,26,50,52,34,74,52,57,69,31,72,16,34,21,14,43,41,61,7,14,16,80,75,76,84,82
cCblR78x,24,188,85,26,13,14,9,13,37,5,13,13,10,45,32,51,48,61,79,56,59,63,34,60,6,20,11,8,48,16,56,15,14,14,80,79,78,76,83
cUn7HgHQ,29,196,81,1,NA,11,16,14,28,19,12,10,14,17,19,35,37,39,80,27,45,36,20,68,17,22,13,14,25,18,39,12,10,14,82,75,60,71,85
ezpQOnY9,35,190,74,1,NA,15,10,12,44,10,25,14,10,47,27,60,62,68,78,62,54,84,40,68,10,32,23,13,62,24,60,12,16,16,78,80,72,82,79
QZosTEWf,30,194,83,1,NA,15,14,13,37,18,16,14,15,38,23,43,46,34,73,43,62,57,45,62,13,24,25,19,53,19,44,25,20,14,76,79,82,81,83
wV0s6JI3,30,187,85,38,NA,15,8,17,37,13,12,13,12,24,23,44,50,49,78,52,45,74,36,76,14,35,18,10,50,20,58,11,13,16,81,79,60,77,86
IXLSdUKs,34,190,80,13,NA,34,11,20,39,13,16,32,20,33,24,51,52,63,74,48,58,68,41,62,15,24,27,13,52,29,62,23,15,17,81,79,77,77,82
3x8xyeEp,28,188,77,36,NA,11,11,12,33,19,19,15,13,31,23,57,56,70,77,30,53,75,30,52,17,25,19,12,44,21,65,20,12,19,80,80,71,79,82
N4VZJ8i0,29,194,94,1,NA,30,20,20,40,20,8,20,18,40,9,39,35,32,76,37,59,50,45,79,17,20,17,9,45,58,59,19,22,20,77,79,78,80,81
1ePFdPNY,25,182,74,1,12,18,11,12,28,16,14,15,13,30,20,43,39,42,77,48,59,70,30,64,12,36,22,13,70,21,41,16,14,17,81,75,78,81,79
mTEZxk4Z,30,191,80,1,NA,12,20,12,22,20,18,16,11,20,20,58,61,65,70,34,47,74,34,60,16,31,11,14,49,16,44,8,18,16,82,77,63,80,82
FsjDpI8N,33,190,81,1,NA,18,13,39,24,15,18,19,12,20,19,27,29,38,79,40,48,66,20,68,13,22,12,12,48,19,31,13,14,13,80,74,64,77,82
beOKFSzv,30,187,78,1,NA,13,11,10,17,10,11,20,19,21,23,44,40,36,77,25,58,62,34,64,10,23,24,10,41,20,63,17,11,12,79,77,77,79,80
W4oIC0bU,35,193,94,1,NA,20,10,15,43,12,23,18,22,48,29,51,52,70,78,57,53,67,38,83,17,45,29,19,55,12,60,26,13,12,78,77,71,81,79
sf8FKka6,25,191,82,1,NA,15,13,14,32,20,14,18,20,27,24,53,56,49,75,58,55,80,40,67,19,27,25,14,42,23,60,17,18,16,80,75,73,78,81
BW0ZNznW,24,190,83,1,26,15,17,19,29,20,16,20,21,22,22,41,48,37,74,48,53,68,29,65,17,22,22,20,21,21,67,10,21,12,80,74,70,78,82
jSH2nEmo,33,188,82,21,NA,15,18,22,38,14,23,30,20,19,25,40,42,41,71,57,55,64,32,62,16,33,13,17,50,26,45,27,21,24,79,73,73,80,83
yqfDoSX3,29,186,80,44,23,8,9,7,11,8,18,12,13,12,20,58,62,66,76,43,53,60,23,60,12,35,12,5,60,15,64,22,9,16,81,75,71,77,82
bfIWemCf,32,183,80,25,NA,11,10,15,36,12,12,10,13,32,32,34,34,44,73,50,58,75,29,38,12,20,25,16,50,26,57,11,13,12,82,72,77,77,84
iVsQSIj8,33,187,82,1,NA,11,14,15,35,12,13,12,11,33,12,47,51,38,76,45,58,49,28,65,15,22,22,12,48,15,58,16,11,14,78,77,77,78,80
13hvc6tb,29,180,70,13,NA,14,12,20,30,16,14,19,13,32,18,45,43,53,75,41,57,57,35,55,12,42,22,9,45,30,56,26,12,15,77,76,76,77,82
quwyfv9W,28,192,84,1,NA,18,15,14,30,17,17,12,21,20,19,42,48,62,76,40,47,70,34,72,18,20,18,17,43,11,32,14,19,15,80,77,62,76,83
SgrQpnaq,28,190,84,1,NA,15,12,14,27,13,12,21,12,36,22,44,47,45,75,48,55,63,32,71,15,19,26,12,52,13,46,16,20,15,82,75,73,77,83
zgSJ8Ur0,26,186,88,1,NA,25,11,18,51,18,10,25,19,52,33,34,33,41,68,39,64,71,37,51,14,18,21,15,57,24,63,19,18,16,78,77,85,76,81
gWCJcRht,23,195,88,1,NA,13,10,13,39,10,24,13,12,33,34,26,26,34,77,24,58,44,21,81,10,24,14,10,59,12,66,15,15,15,80,78,77,74,83
r6XUu3Ht,38,188,92,25,NA,11,14,13,37,11,10,11,11,39,23,43,49,50,74,60,59,71,34,70,15,32,22,13,65,24,64,20,22,24,77,78,79,79,77
Q9zUdsRl,38,186,85,1,NA,15,13,14,35,13,10,15,14,35,21,58,58,57,70,47,53,82,36,75,13,38,24,14,50,44,60,26,13,14,80,80,70,75,77
feuipn8q,38,193,90,1,NA,15,18,14,36,14,14,15,17,32,25,47,44,45,74,50,55,73,32,57,14,15,23,14,41,41,63,22,15,14,78,77,73,78,78
bpyamo3x,28,185,88,1,NA,18,15,20,40,13,20,16,12,55,38,51,53,42,78,54,65,77,33,73,12,29,27,10,66,24,59,29,12,15,73,72,86,74,85
OBB4vY6U,33,194,89,35,NA,12,27,18,29,26,13,15,17,33,17,41,46,41,73,31,59,67,38,78,12,25,23,8,25,22,44,13,15,14,81,74,79,77,79
pdt2NsAB,25,191,85,1,NA,13,9,13,26,8,8,14,10,25,18,30,18,32,73,29,56,35,26,66,10,25,10,4,42,20,32,11,10,10,77,76,74,79,81
9NGvd1bV,24,192,83,1,NA,13,16,19,29,18,19,12,12,19,18,55,49,53,75,51,55,65,25,55,19,24,11,9,30,22,56,10,10,10,80,73,73,76,82
DmjcCTSA,26,193,81,1,NA,13,7,11,40,6,30,13,14,29,37,56,59,54,73,24,59,44,25,60,8,17,11,5,51,15,60,17,12,14,77,80,78,78,77
R0TywLgX,29,190,80,40,NA,16,14,17,25,13,15,18,17,32,17,58,54,36,76,50,49,60,27,70,13,26,20,11,63,15,69,18,20,12,79,73,65,77,82
A8iYmfO0,34,179,79,1,NA,14,10,14,34,12,20,18,16,36,22,55,42,65,78,50,53,65,38,75,18,45,22,15,25,22,63,20,15,16,77,70,71,81,80
FKhdc1tC,23,188,76,1,1,10,10,11,33,10,11,10,10,44,21,58,58,56,77,32,58,67,30,70,10,22,10,10,58,16,54,16,12,14,81,75,77,74,80
dGyTL40E,22,196,90,1,NA,13,6,13,54,9,14,13,12,38,10,48,45,60,69,53,52,73,40,70,9,20,17,4,47,16,59,20,14,12,80,76,69,74,82
oQCQAwzk,30,196,92,77,NA,11,10,12,27,9,10,12,8,21,20,54,51,57,80,25,53,57,42,79,13,22,11,8,15,19,41,14,9,8,77,73,70,76,81
ifYXAxin,28,192,82,1,NA,20,16,14,24,16,15,21,21,21,27,45,49,45,76,45,56,56,42,67,14,25,12,13,33,32,53,15,17,18,80,77,74,75,78
PKI09Thl,38,184,80,25,NA,12,13,18,56,11,22,25,38,57,32,58,54,63,72,62,63,81,39,69,17,40,23,16,69,23,64,15,18,19,77,78,84,78,78
chTyRRIz,32,184,80,16,NA,13,14,16,25,15,15,11,18,26,14,48,45,54,68,58,52,67,35,73,19,32,18,11,31,24,57,12,19,13,79,73,69,78,83
BhuvjJsV,23,190,88,1,NA,12,11,11,32,10,18,13,12,28,24,43,43,42,75,41,54,58,34,67,12,25,19,11,42,19,38,20,11,12,76,74,72,73,81
poyEuepR,26,191,86,13,1,14,9,13,52,8,15,13,11,52,31,54,52,58,72,49,56,71,39,69,12,31,19,9,58,37,56,13,12,12,78,73,74,72,83
UKPzDKBq,25,195,95,1,NA,17,14,19,35,17,21,29,21,33,26,39,43,35,75,37,55,61,35,75,19,24,25,16,52,23,53,27,21,17,76,74,73,79,77
iqz6fOaT,39,183,74,1,NA,11,20,13,36,15,20,20,14,39,29,33,41,65,73,51,53,73,30,71,14,45,20,13,61,23,68,15,13,15,77,75,70,78,79
OsaYjTuQ,39,196,89,13,NA,11,12,10,28,14,11,10,11,23,25,45,43,44,73,40,53,66,40,73,11,40,16,11,55,21,65,16,13,14,73,76,71,79,75
EoZmmOMF,33,188,74,1,13,13,11,19,32,16,13,13,15,29,25,43,35,48,72,42,53,72,36,63,14,36,19,8,52,42,52,14,17,14,77,75,71,77,79
BrDxZdqJ,35,195,95,1,NA,13,11,13,39,13,16,19,12,33,21,37,40,44,74,30,55,62,34,71,16,35,21,13,55,12,65,14,16,18,81,71,73,76,80
4qagKEbk,27,189,80,1,NA,24,17,24,45,15,27,21,16,35,31,49,51,32,74,51,55,75,35,72,18,22,25,15,48,27,55,20,21,24,77,75,73,75,79
b1FDD1Eu,24,190,78,1,NA,12,13,21,28,17,16,15,18,24,25,31,27,21,67,34,55,70,36,68,16,29,25,15,21,19,55,16,12,18,78,74,73,77,82
RxeNraAv,28,186,83,1,NA,16,14,15,33,17,16,18,15,26,12,49,42,40,72,50,50,67,40,63,20,23,20,13,36,23,41,13,13,12,78,77,67,74,80
EbqDUwJd,23,188,74,69,17,19,12,13,35,12,20,12,20,32,18,46,42,33,72,54,53,57,34,56,18,19,21,15,62,21,65,20,16,16,79,73,70,77,80
IEnNoBt0,35,198,90,1,NA,13,15,15,36,11,16,11,11,36,19,46,43,51,74,38,56,65,42,73,12,33,26,13,47,16,44,12,15,12,77,74,74,78,78
HnvkVmjm,29,190,88,1,13,16,16,14,38,19,19,17,17,32,33,37,35,36,74,34,56,70,26,67,18,29,17,18,49,22,62,14,15,14,76,75,75,76,76
P767Ans0,29,184,82,13,1,23,11,14,40,15,13,23,12,45,24,53,52,53,71,50,62,78,34,65,18,36,23,10,68,25,64,10,20,17,77,75,82,76,79
Mh47D4zS,29,190,84,1,NA,9,12,12,26,11,15,13,16,23,23,36,39,40,79,42,50,72,31,67,15,26,13,10,36,22,34,16,17,9,76,75,66,76,80
eU63hSuf,27,196,90,16,NA,17,14,11,28,15,15,24,20,26,13,48,46,51,72,43,58,63,36,53,12,25,17,11,53,24,55,16,13,11,77,74,77,74,80
FSWaXVU7,28,193,85,1,NA,17,11,17,27,15,16,16,17,35,18,45,38,55,68,27,53,63,42,68,16,24,17,11,48,42,32,22,17,20,79,74,70,76,79
vJ6nj1rf,23,198,73,1,NA,11,10,14,30,15,10,10,14,22,16,19,23,23,66,24,53,32,31,64,11,29,14,14,41,16,49,14,13,10,79,73,71,77,81
NPD76tUS,21,196,74,1,NA,18,11,15,40,9,20,12,10,37,35,35,37,42,72,25,55,42,40,53,17,27,19,8,62,11,67,22,17,19,79,76,73,73,81
kd6FZ10F,32,187,82,12,NA,16,16,27,23,13,16,25,23,24,19,42,48,55,72,45,52,75,35,67,13,22,23,12,50,46,32,23,19,15,76,72,69,75,78
nWF63aPt,21,183,77,21,NA,13,15,14,29,19,17,16,21,18,23,35,34,36,76,55,56,70,44,85,19,20,18,11,70,15,48,16,18,17,79,77,75,77,71
KqxIFqOG,27,189,93,38,NA,13,10,24,24,19,18,14,20,22,27,43,41,58,71,57,56,71,28,74,14,37,13,13,58,20,30,28,18,12,78,74,75,73,79
cW80YoDR,28,188,88,30,NA,12,11,11,46,16,29,16,13,45,36,37,37,53,65,43,56,67,37,67,13,34,14,11,49,26,62,23,17,11,77,73,75,77,79
vpKDvCEB,29,196,90,21,NA,23,12,14,49,8,20,33,21,54,32,60,58,61,58,52,64,76,45,64,19,40,19,13,63,41,61,23,21,14,78,75,85,75,79
dco0ly3y,27,196,80,16,NA,15,16,11,34,11,15,12,12,35,24,43,41,60,73,54,53,76,33,57,15,16,21,16,61,23,57,18,14,10,76,76,70,75,76
VIhzgDUl,30,188,79,18,NA,12,13,24,32,11,11,24,12,33,28,43,49,48,71,42,51,70,41,68,11,27,15,12,11,19,55,14,14,13,78,68,68,78,80
3mulBTRM,26,192,90,26,NA,16,16,13,35,20,22,19,13,27,24,55,49,52,66,53,56,68,37,74,15,25,26,19,42,28,61,11,20,18,77,75,74,75,77
dsn2j6Ia,28,190,82,1,NA,14,13,17,27,17,19,18,15,24,24,49,48,30,66,48,50,60,39,67,17,18,24,20,32,24,37,14,12,17,76,78,67,76,77
wBj28ixd,29,192,87,57,NA,13,18,18,32,12,19,14,21,19,22,48,38,55,74,58,51,68,37,66,17,23,29,18,44,21,65,26,17,13,76,74,68,76,78
WB2kRNUC,33,196,84,NA,18,15,12,24,38,19,28,16,16,48,23,47,40,40,73,46,56,68,40,79,12,44,24,14,57,23,60,21,23,21,78,74,74,74,73
Hb03t5cH,31,196,86,1,1,20,11,16,32,16,11,18,16,37,18,31,40,32,71,33,56,40,37,75,14,27,20,13,55,26,45,22,12,16,77,75,74,75,77
hLgJeFGn,38,197,92,1,NA,18,11,14,39,11,12,13,13,37,31,30,36,30,69,27,56,55,26,77,11,41,26,12,40,23,59,9,15,14,75,75,75,77,74
U8hxRci4,36,190,86,22,1,18,13,16,29,16,17,10,14,31,25,40,40,34,70,45,53,59,30,70,18,34,19,15,49,13,50,12,11,13,74,71,70,80,78
H0XrK7EN,34,187,82,1,NA,17,13,12,35,13,14,24,12,40,18,58,55,60,71,65,50,77,39,74,12,40,26,14,41,16,56,22,14,15,78,74,67,75,76
d8jqZcNF,35,188,85,22,NA,17,12,16,32,12,17,15,13,37,28,56,55,54,71,52,56,73,40,66,12,31,24,12,46,24,62,16,15,13,74,75,74,78,75
Jw9fdVsi,34,191,88,NA,1,18,11,12,28,16,14,15,13,30,20,50,39,43,71,48,53,64,30,68,12,36,22,13,47,21,42,16,14,17,77,73,70,75,78
QPEBvMic,34,188,81,34,NA,10,12,14,35,10,11,18,13,22,23,43,32,40,72,34,50,45,28,65,13,45,27,13,63,24,69,14,10,17,76,75,66,76,78
WNwTDDiG,25,184,74,1,NA,10,9,11,25,6,11,14,13,20,19,41,41,54,72,54,52,81,40,45,9,16,14,6,36,17,51,26,11,12,77,72,69,75,80
SW2nru4x,23,197,85,1,13,12,14,15,46,15,15,12,14,50,37,45,44,31,71,35,52,70,40,66,16,27,8,7,56,15,55,18,13,15,76,73,69,75,78
t5cpuY50,31,195,90,1,NA,12,11,12,15,13,18,11,20,26,25,50,56,50,70,39,55,59,25,72,11,23,22,13,41,15,54,11,11,14,77,74,73,74,78
SMtNPsr0,30,190,88,26,NA,12,14,12,36,15,14,19,16,30,31,60,54,64,68,64,51,69,44,60,11,13,26,18,37,19,53,17,11,12,77,73,68,75,78
oqBIW2iE,34,195,85,1,NA,14,12,15,24,12,12,15,12,19,14,35,43,39,73,34,46,61,36,74,16,22,21,12,49,21,23,16,14,12,77,70,61,78,77
zLB6q9sr,30,193,83,40,NA,20,15,16,28,13,12,20,15,33,32,45,47,50,75,40,52,67,32,64,14,39,17,13,47,36,47,11,12,14,79,73,69,75,76
LWLHEoHU,28,192,90,1,NA,19,13,14,30,14,20,12,15,29,22,45,51,50,79,31,45,64,31,67,17,41,22,15,45,21,25,14,13,12,77,77,60,70,78
cI84ltIg,36,191,84,1,NA,11,10,13,24,13,11,24,39,26,19,51,54,42,74,37,56,75,32,77,14,31,20,15,52,23,65,14,14,13,74,74,74,74,74
zxyYxMX9,37,188,81,1,NA,13,15,12,40,13,19,15,15,39,38,47,49,63,74,59,55,78,44,69,19,45,28,15,33,25,57,10,18,14,76,72,73,78,76
8wyK9fYh,33,183,86,30,12,12,12,14,26,13,15,15,12,31,25,59,56,52,73,60,50,69,36,80,16,29,14,11,55,25,65,25,13,12,75,70,67,79,79
AvQ50upF,37,190,82,33,NA,20,11,18,32,13,16,17,14,27,22,41,55,31,69,38,49,38,44,52,12,24,22,12,70,21,61,12,16,12,77,71,65,77,79
ijmCnanj,21,190,88,1,NA,33,20,18,17,20,17,21,20,18,23,55,50,70,68,47,58,69,42,78,18,40,28,11,64,17,63,10,16,18,76,77,77,76,74
lIwrxm0Z,22,190,82,1,NA,10,5,8,44,8,16,9,9,38,21,55,55,58,76,33,49,63,23,68,4,12,9,6,55,13,56,21,15,13,77,74,65,74,78
rI81Zx6X,27,192,92,32,NA,11,10,12,29,9,14,11,13,27,24,25,38,34,70,38,53,66,35,77,12,32,14,11,51,18,30,20,13,11,74,73,70,77,78
pb1qhEHf,29,192,90,1,NA,9,7,8,15,11,8,12,13,18,21,31,33,42,77,23,57,69,23,84,8,41,27,20,51,19,66,14,7,8,71,77,76,72,77
odh94ghH,33,184,78,1,1,14,8,13,23,5,18,10,13,22,11,25,31,28,64,64,53,61,36,79,5,20,8,4,39,11,62,14,13,14,76,75,70,77,77
7xRVXl9X,32,196,92,34,NA,15,15,14,27,16,15,16,16,28,25,55,57,53,65,50,57,74,39,71,15,35,25,15,51,16,56,22,13,12,73,72,76,78,79
tPEB3weZ,27,196,84,1,1,12,5,10,23,7,14,13,11,29,15,24,32,35,77,24,60,38,18,73,8,24,10,6,35,13,36,14,10,11,75,65,80,72,79
Gt5C5AKL,28,189,87,22,NA,14,18,14,38,14,16,12,14,41,23,55,54,51,72,43,56,74,36,64,16,21,13,8,50,19,60,9,11,13,80,68,75,72,79
Db0JY4YQ,38,186,80,1,NA,9,13,9,38,13,11,13,12,33,17,30,32,34,62,39,54,46,23,43,15,33,23,13,47,25,66,24,18,13,78,73,72,73,81
dMgsregx,40,184,84,1,NA,17,12,13,33,12,13,14,10,33,20,40,38,61,70,60,51,79,25,52,12,11,23,15,40,21,63,25,13,11,72,77,68,78,73
i9XYfQID,25,189,80,13,NA,18,18,15,35,19,17,18,13,29,10,54,52,52,66,57,55,62,44,35,15,22,22,11,37,22,57,25,11,11,79,75,73,73,74
UfQ11Pei,32,180,76,1,NA,20,12,13,42,19,17,21,20,38,25,65,65,70,80,67,52,78,41,54,13,21,16,11,62,12,65,21,14,13,75,73,69,73,75
SiTm39aR,27,188,84,13,NA,11,20,14,23,15,18,17,17,27,19,35,38,44,62,43,54,60,40,72,17,17,21,15,51,21,53,19,19,17,74,76,72,76,76
rgB75f4C,27,196,84,1,1,12,5,10,23,7,14,13,11,29,15,24,32,35,77,24,60,38,18,73,8,24,10,6,35,13,36,14,10,11,75,65,80,72,79
ePDJTG0X,30,191,102,24,NA,15,12,11,35,14,11,15,12,26,22,40,41,34,68,46,52,68,23,75,20,31,19,15,43,23,32,19,18,12,76,71,69,77,75
zi6t7o5H,29,179,81,12,NA,13,10,16,37,14,19,19,15,25,25,29,35,33,77,38,53,50,30,70,12,22,16,14,69,18,64,20,21,11,74,73,71,74,73
eoM8Za6g,34,187,82,48,NA,19,12,13,38,11,14,13,16,12,17,38,49,48,70,50,53,56,30,57,13,29,16,9,13,14,44,11,11,13,71,72,70,75,81
oHNsF1MN,30,190,80,12,NA,21,14,13,24,16,13,21,19,22,16,57,52,62,75,58,50,78,40,82,17,45,19,13,42,18,31,30,13,13,79,69,67,71,76
Vdi50QU1,32,194,92,1,NA,11,13,12,20,11,12,13,12,26,20,28,28,33,73,30,50,57,39,64,15,30,22,12,42,22,59,20,10,11,74,74,66,74,76
W0pq18p8,29,189,75,21,NA,11,18,16,28,18,12,19,15,23,18,52,50,31,72,53,45,56,29,33,14,19,17,12,63,19,63,29,18,16,76,71,60,73,81
LdO8dqjV,35,180,75,16,NA,12,11,13,33,11,13,13,12,37,25,50,41,44,75,45,57,65,24,69,13,45,22,11,27,14,61,18,14,15,75,72,76,73,77
fNQ4PAbk,24,193,90,16,23,12,13,21,44,12,25,21,21,39,32,50,52,62,67,49,58,75,40,70,16,22,10,10,53,32,65,12,20,19,75,73,77,74,77
xkKNDJZA,30,185,73,1,NA,30,11,16,57,18,13,25,13,55,32,58,58,60,72,59,56,72,40,68,12,21,25,16,43,25,56,20,12,22,73,77,74,71,75
K6T6oa6k,34,199,101,15,NA,14,19,12,26,12,16,17,15,32,24,47,48,46,70,40,55,38,36,79,12,42,21,11,34,40,58,18,11,12,76,77,73,73,74
6ckU2ZPw,29,188,85,28,16,11,9,13,33,8,14,12,13,35,19,20,18,21,61,33,57,42,25,73,5,23,13,7,41,13,32,6,12,11,76,78,76,76,74
46X73ppU,24,188,78,97,NA,13,18,16,24,16,15,16,15,26,17,42,38,43,65,40,54,59,32,58,17,22,14,9,37,15,56,12,19,15,79,69,72,75,80
gAe4QN3k,25,190,88,1,NA,9,8,10,20,9,9,8,7,16,21,34,38,31,72,41,46,67,41,81,7,36,22,11,51,19,67,23,10,10,77,76,61,72,73
nCuvdTs9,23,188,77,32,23,15,14,15,31,16,18,17,16,33,28,47,50,53,70,49,53,66,35,59,15,35,20,11,47,25,55,18,16,15,78,73,71,71,78
XA9Nx5nS,29,187,67,22,NA,17,17,20,29,18,20,12,21,18,20,61,55,53,71,57,55,71,45,67,12,27,28,12,53,28,57,24,15,17,75,73,73,75,77
RQ5RQKtj,28,193,90,21,NA,14,5,12,32,10,20,12,12,17,23,38,34,51,69,48,51,72,34,60,19,28,25,10,45,22,65,16,19,13,77,73,68,75,77
8F7RnNIs,20,199,88,28,NA,13,9,14,15,7,11,11,10,15,22,44,45,35,53,26,53,50,45,74,7,25,8,8,34,11,26,5,12,10,76,77,71,76,79
o702YpEb,30,187,84,28,12,19,11,10,29,17,18,12,19,26,23,51,51,48,68,38,41,66,31,58,15,33,17,13,32,22,58,18,12,12,78,72,54,74,81
rA1rzjuu,32,192,87,26,NA,14,12,8,35,13,13,12,15,30,22,41,40,36,75,39,47,66,29,63,11,25,14,8,42,22,45,16,18,14,76,69,62,75,79
40YycCbo,34,188,78,35,23,11,14,16,33,16,14,15,14,34,33,41,44,50,73,43,50,61,34,57,14,29,18,11,35,30,36,15,14,14,77,72,67,73,76
FEqTiPUE,35,184,81,1,1,20,15,15,59,15,29,19,16,65,39,59,59,70,73,64,61,84,45,75,18,45,19,18,70,30,70,29,19,25,75,71,81,75,74
g2t6eHXw,31,193,79,1,NA,11,17,16,33,12,17,15,18,35,17,58,56,35,71,43,46,68,35,63,14,35,22,16,50,41,61,13,13,12,74,74,61,75,80
0J4gjr5P,24,193,88,16,NA,15,18,13,29,13,18,20,20,18,20,49,46,34,70,58,53,61,39,70,18,23,20,10,22,16,32,23,14,13,75,65,71,76,85
38rJuHld,24,181,70,1,NA,18,19,14,32,20,22,15,11,30,24,51,53,60,70,65,54,70,38,59,12,25,17,17,25,21,52,15,20,12,75,73,72,75,77
EvrPzws3,24,188,78,97,NA,13,18,16,24,16,15,16,15,26,17,42,38,43,65,40,54,59,32,58,17,22,14,9,37,15,56,12,19,15,79,69,72,75,80
6EnS4IV6,33,201,93,44,NA,19,13,13,27,19,20,10,19,19,33,26,35,44,70,42,48,69,29,80,12,44,22,13,48,22,54,11,13,12,75,71,64,74,79
78DkliLo,23,188,77,32,23,15,14,15,31,16,18,17,16,33,28,47,50,53,70,49,53,66,35,59,15,35,20,11,47,25,55,18,16,15,78,73,71,71,78
ZV48582I,27,191,88,30,22,13,15,14,24,16,16,13,14,29,24,38,39,48,69,42,50,55,35,64,18,25,27,15,55,14,49,11,11,11,76,71,66,79,76
MU9jC5QK,33,187,89,99,NA,14,13,14,16,15,19,15,12,29,12,47,38,45,72,54,60,60,41,77,16,37,23,16,40,25,58,16,16,12,76,75,80,73,72
KF5B0wHJ,29,179,81,12,NA,13,10,16,37,14,19,19,15,25,25,29,35,33,77,38,53,50,30,70,12,22,16,14,69,18,64,20,21,11,74,73,71,74,73
j0p2BHFv,29,188,85,28,16,11,9,13,33,8,14,12,13,35,19,20,18,21,61,33,57,42,25,73,5,23,13,7,41,13,32,6,12,11,76,78,76,76,74
BW7C7MxZ,20,199,88,28,NA,13,9,14,15,7,11,11,10,15,22,44,45,35,53,26,53,50,45,74,7,25,8,8,34,11,26,5,12,10,76,77,71,76,79
RHrtWGXW,25,188,82,12,NA,12,10,12,20,11,12,20,10,20,25,41,46,58,75,48,58,69,32,60,14,42,15,8,58,29,59,23,10,13,76,70,77,75,75
dm3kKxs3,25,190,88,1,NA,9,8,10,20,9,9,8,7,16,21,34,38,31,72,41,46,67,41,81,7,36,22,11,51,19,67,23,10,10,77,76,61,72,73
POSP6wJQ,29,177,74,33,NA,19,14,16,30,13,17,15,18,21,23,38,35,67,72,62,52,53,31,64,17,39,14,10,69,17,66,11,19,13,74,71,69,75,76
BPlRATEx,32,186,83,1,NA,17,12,15,59,13,30,15,14,65,47,57,45,49,71,64,54,70,43,65,18,38,30,13,69,34,67,30,14,19,73,71,72,72,76
wEJsXqdX,27,188,82,30,NA,10,10,17,35,10,10,12,10,25,25,54,43,35,69,52,52,61,20,54,10,24,21,10,55,16,35,15,14,10,77,68,69,72,79
qFRGHxbF,29,193,88,12,NA,18,12,20,24,18,8,31,22,20,16,17,18,44,67,22,56,41,15,60,13,36,12,5,37,34,58,20,9,10,68,76,74,77,73
D65jddsr,21,188,85,22,NA,9,9,9,16,9,8,8,19,15,21,41,42,32,68,45,55,61,31,81,8,41,25,20,70,16,62,11,8,9,71,72,73,75,76
UEW4xUXm,27,185,79,31,NA,20,18,15,45,12,28,36,25,39,38,39,47,54,65,64,58,84,30,72,20,45,19,11,40,49,56,24,21,22,74,70,77,75,74
rlScBuxM,28,179,74,13,NA,18,17,18,24,16,13,13,17,22,19,59,59,56,71,65,49,78,40,66,19,22,11,12,37,21,43,20,12,19,73,73,65,74,73
NO233V3j,31,191,79,1,NA,21,20,18,31,20,19,12,17,24,22,45,49,34,76,57,52,58,30,49,12,22,25,18,59,22,53,23,19,19,75,71,69,72,75
VASvACVZ,32,188,81,1,NA,20,16,11,44,18,12,13,12,46,27,46,44,47,74,46,51,70,34,65,12,27,14,9,61,37,60,17,17,13,76,69,68,71,77
mm4Mx3H3,30,198,103,1,NA,10,13,10,26,15,16,13,11,24,19,28,37,19,69,20,53,40,35,82,12,36,21,13,42,16,58,11,17,15,74,74,70,74,75
tSbCrrBw,29,191,80,23,NA,16,14,15,31,13,13,14,14,30,19,41,38,39,66,47,55,79,30,59,13,23,13,11,70,18,47,14,15,14,82,73,73,74,69
YAknJWCj,28,190,80,19,22,14,9,12,25,7,13,16,7,30,12,48,45,34,74,40,50,63,32,67,13,17,12,14,48,17,31,15,11,13,76,70,67,72,77
mL8LfVXg,23,194,89,1,NA,14,15,12,34,9,12,12,13,31,29,30,32,31,68,22,47,31,21,51,13,28,11,9,65,15,25,13,12,15,74,74,63,75,75
ZktJyT2x,24,190,83,27,NA,14,16,20,26,16,17,15,13,26,22,45,50,38,72,37,53,48,30,46,14,32,26,12,38,20,54,10,21,20,74,70,70,73,74
axjEbhU6,31,189,87,1,12,13,12,13,39,12,21,10,19,41,24,35,37,57,68,43,53,58,36,77,13,32,23,16,66,17,64,27,15,14,76,68,70,75,78
ZA8KoCVJ,26,188,82,30,NA,12,16,14,27,12,18,18,17,24,18,40,43,35,74,54,51,54,42,56,18,27,24,17,57,19,28,11,16,14,76,72,68,69,75
EwqF9xSx,37,190,89,29,NA,18,8,9,36,9,10,11,13,26,16,25,48,25,67,59,54,68,31,65,12,21,13,9,70,41,54,26,18,15,68,71,72,78,77
JaM01a7Y,27,192,84,94,NA,21,17,17,29,14,16,13,13,23,18,44,40,38,70,44,50,56,28,56,20,27,22,16,52,22,62,22,22,21,75,73,66,72,75
K0MGxot6,33,187,84,NA,16,12,6,10,24,7,7,14,11,22,12,20,21,27,63,43,51,59,27,72,5,20,6,5,31,16,56,9,13,13,76,71,68,74,78
lP3Lyeks,30,188,82,1,NA,11,12,13,24,13,11,17,17,15,20,41,43,45,69,41,50,63,32,52,16,30,12,12,55,19,64,12,9,19,78,71,67,73,75
4vG0Lv0T,35,190,90,19,NA,14,17,16,24,17,15,14,12,22,16,41,45,30,72,44,52,68,30,79,18,18,17,18,38,23,27,30,14,19,71,68,69,76,77
LGo5acqs,23,187,82,98,NA,12,6,11,17,6,14,13,13,27,16,45,51,24,68,38,50,60,23,58,6,28,6,8,35,13,22,19,12,12,75,70,67,72,78
1t4awWEs,26,194,96,27,NA,17,14,18,30,15,13,14,16,26,19,65,65,30,73,45,48,60,27,81,13,38,18,10,22,25,32,21,17,13,74,70,64,72,79
3IQVwbWi,22,192,87,13,NA,15,8,12,25,12,11,14,15,26,15,39,35,36,74,25,55,56,32,61,7,22,19,11,60,19,56,22,13,11,71,70,73,74,76
Qg9ueMHS,25,191,82,96,NA,15,20,17,17,18,19,17,15,16,20,40,42,46,71,49,53,54,35,55,14,24,18,15,40,29,50,10,19,11,74,71,70,72,76
Pv4wm2sc,33,194,92,12,12,19,9,15,22,8,14,15,14,31,15,32,27,36,70,33,52,44,23,54,15,28,15,5,34,14,30,16,21,19,72,74,69,72,75
hLnNf8di,25,183,75,1,NA,12,19,20,40,20,17,18,15,30,40,58,46,70,72,45,57,70,29,38,14,29,11,15,65,26,49,28,14,13,73,73,76,70,74
l23QBUyW,35,186,83,1,NA,14,11,12,20,15,13,12,14,31,22,44,50,66,64,53,53,60,38,64,15,25,24,17,31,14,58,12,14,15,74,72,70,76,76
0kY7jn5b,27,192,88,1,NA,13,16,12,25,13,20,18,14,21,24,44,46,36,64,49,53,57,31,63,15,22,21,14,44,10,30,10,18,17,75,73,71,71,78
zBYrXdmO,34,190,80,13,NA,12,16,15,21,12,15,12,17,32,23,46,44,53,71,48,51,69,38,63,20,38,25,12,32,44,59,18,19,14,77,70,68,72,77
DYtivaio,30,188,82,1,NA,17,19,12,24,17,20,12,12,24,17,47,40,41,70,55,53,73,36,62,16,27,27,14,60,29,45,20,15,14,75,72,70,73,75
G1wb21aA,35,191,88,24,NA,15,17,12,32,14,18,10,15,33,26,43,45,51,70,58,50,78,25,65,12,44,15,12,53,20,51,12,20,12,75,70,67,75,74
jyk2E00u,35,189,86,40,NA,13,7,11,17,6,10,13,13,19,16,26,22,41,64,33,51,58,17,37,5,26,7,8,31,12,29,24,14,13,74,72,68,75,75
Osh2Vqp0,31,190,86,1,NA,23,14,15,34,12,20,24,15,36,20,48,45,46,69,40,54,66,42,68,15,28,20,13,47,25,55,15,18,16,73,73,72,74,73
rZcRWZwy,34,198,90,13,1,11,12,14,29,10,8,12,11,41,23,40,41,48,66,51,58,41,29,68,10,21,22,14,58,17,55,13,18,13,76,74,77,74,71
xauJzpTV,32,183,76,12,NA,23,16,19,41,19,25,30,21,31,35,65,57,62,70,67,51,73,45,60,17,42,29,18,48,29,63,23,23,23,79,69,68,66,80
PKBWtwqS,32,197,98,1,NA,14,11,15,25,11,15,18,11,26,24,38,47,39,75,36,32,71,32,71,9,36,23,11,42,21,61,10,12,10,76,72,42,73,79
h4f2fvBL,30,181,76,1,NA,14,20,17,27,16,17,18,18,23,19,49,43,45,72,57,47,71,34,62,14,23,19,11,56,22,50,15,19,12,75,72,63,73,76
dQlKNmGB,26,189,82,1,NA,12,5,14,26,9,8,11,13,20,11,55,50,30,73,33,44,72,27,58,6,20,7,8,40,13,37,16,14,14,77,68,59,72,76
aUFRvrNE,28,191,88,12,12,13,11,13,30,13,19,15,14,42,23,46,44,38,70,53,50,67,22,60,16,32,20,7,38,20,56,8,20,18,75,72,66,73,75
SeHvvnTP,38,184,84,1,NA,11,7,12,14,14,8,69,74,18,23,40,37,45,64,51,53,69,28,60,8,31,22,16,55,22,61,27,9,9,71,73,71,75,76
903XCmG5,32,188,87,15,23,11,13,13,41,11,14,20,11,26,24,51,48,57,75,45,51,82,32,73,12,24,23,15,34,13,50,17,13,15,73,70,68,74,75
soCsGnoQ,32,186,70,25,NA,21,16,18,32,12,18,15,13,28,31,42,48,42,71,44,54,62,28,79,17,27,26,18,60,23,54,25,16,20,72,73,72,76,74
8HwZSwFE,35,192,96,13,NA,15,14,19,38,13,12,14,14,37,26,45,48,65,71,40,54,72,32,78,11,31,23,17,47,19,57,20,15,18,71,73,72,71,77
1qvU6TRy,29,183,78,14,NA,10,14,21,25,10,16,15,13,23,20,55,54,65,73,65,48,76,44,77,16,27,21,10,55,13,44,21,17,13,78,72,64,71,75
cCUiuNha,36,188,78,1,NA,18,13,13,52,11,24,16,12,53,35,41,42,49,72,62,57,67,41,67,13,32,27,12,68,20,66,26,14,15,74,72,76,74,74
vXc0vpc6,34,196,91,15,NA,14,14,10,34,19,23,17,13,35,20,46,53,50,70,32,50,69,28,61,19,36,25,14,42,30,58,16,14,13,68,76,66,75,76
